engine,scenario,accounts,overhead_us,threads,run,tps
Serial,Uniform,1000,0,1,0,300661455
Serial,Uniform,1000,0,1,1,298427288
Serial,Uniform,1000,0,1,2,290875244
Serial,Uniform,1000,0,1,3,296041920
Serial,Uniform,1000,0,1,4,300941948
Serial,Uniform,1000,0,1,5,299949009
Serial,Uniform,1000,0,1,6,296041920
LEAP-base,Uniform,1000,0,4,0,355213
LEAP-base,Uniform,1000,0,4,1,392218
LEAP-base,Uniform,1000,0,4,2,412279
LEAP-base,Uniform,1000,0,4,3,332373
LEAP-base,Uniform,1000,0,4,4,388168
LEAP-base,Uniform,1000,0,4,5,359902
LEAP-base,Uniform,1000,0,4,6,420877
Serial,Uniform,1000,1,1,0,1160738
Serial,Uniform,1000,1,1,1,1160345
Serial,Uniform,1000,1,1,2,1157719
Serial,Uniform,1000,1,1,3,1160159
Serial,Uniform,1000,1,1,4,1162368
Serial,Uniform,1000,1,1,5,1165459
Serial,Uniform,1000,1,1,6,1157152
LEAP-base,Uniform,1000,1,4,0,383698
LEAP-base,Uniform,1000,1,4,1,380090
LEAP-base,Uniform,1000,1,4,2,332348
LEAP-base,Uniform,1000,1,4,3,330498
LEAP-base,Uniform,1000,1,4,4,374652
LEAP-base,Uniform,1000,1,4,5,357888
LEAP-base,Uniform,1000,1,4,6,354759
Serial,Uniform,1000,3,1,0,388236
Serial,Uniform,1000,3,1,1,387674
Serial,Uniform,1000,3,1,2,387681
Serial,Uniform,1000,3,1,3,387521
Serial,Uniform,1000,3,1,4,388112
Serial,Uniform,1000,3,1,5,387695
Serial,Uniform,1000,3,1,6,387599
LEAP-base,Uniform,1000,3,4,0,342103
LEAP-base,Uniform,1000,3,4,1,333876
LEAP-base,Uniform,1000,3,4,2,322181
LEAP-base,Uniform,1000,3,4,3,318333
LEAP-base,Uniform,1000,3,4,4,324535
LEAP-base,Uniform,1000,3,4,5,347939
LEAP-base,Uniform,1000,3,4,6,323652
Serial,Uniform,1000,10,1,0,115878
Serial,Uniform,1000,10,1,1,115991
Serial,Uniform,1000,10,1,2,116741
Serial,Uniform,1000,10,1,3,116391
Serial,Uniform,1000,10,1,4,116403
Serial,Uniform,1000,10,1,5,116525
Serial,Uniform,1000,10,1,6,116532
LEAP-base,Uniform,1000,10,4,0,272166
LEAP-base,Uniform,1000,10,4,1,275315
LEAP-base,Uniform,1000,10,4,2,270415
LEAP-base,Uniform,1000,10,4,3,273917
LEAP-base,Uniform,1000,10,4,4,271363
LEAP-base,Uniform,1000,10,4,5,279459
LEAP-base,Uniform,1000,10,4,6,272828
Serial,Uniform,1000,50,1,0,23230
Serial,Uniform,1000,50,1,1,23244
Serial,Uniform,1000,50,1,2,23298
Serial,Uniform,1000,50,1,3,23294
Serial,Uniform,1000,50,1,4,23302
Serial,Uniform,1000,50,1,5,23283
Serial,Uniform,1000,50,1,6,23286
LEAP-base,Uniform,1000,50,4,0,80682
LEAP-base,Uniform,1000,50,4,1,79631
LEAP-base,Uniform,1000,50,4,2,79461
LEAP-base,Uniform,1000,50,4,3,80702
LEAP-base,Uniform,1000,50,4,4,80426
LEAP-base,Uniform,1000,50,4,5,81913
LEAP-base,Uniform,1000,50,4,6,82264
Serial,Uniform,1000,100,1,0,11644
Serial,Uniform,1000,100,1,1,11656
Serial,Uniform,1000,100,1,2,11652
Serial,Uniform,1000,100,1,3,11661
Serial,Uniform,1000,100,1,4,11657
Serial,Uniform,1000,100,1,5,11659
Serial,Uniform,1000,100,1,6,11657
LEAP-base,Uniform,1000,100,4,0,41388
LEAP-base,Uniform,1000,100,4,1,41962
LEAP-base,Uniform,1000,100,4,2,41433
LEAP-base,Uniform,1000,100,4,3,42219
LEAP-base,Uniform,1000,100,4,4,42546
LEAP-base,Uniform,1000,100,4,5,41246
LEAP-base,Uniform,1000,100,4,6,41827
Serial,Uniform,1000,10,1,0,114274
Serial,Uniform,1000,10,1,1,116284
Serial,Uniform,1000,10,1,2,116823
Serial,Uniform,1000,10,1,3,116670
Serial,Uniform,1000,10,1,4,115730
Serial,Uniform,1000,10,1,5,116634
Serial,Uniform,1000,10,1,6,116563
LEAP-base,Uniform,1000,10,1,0,82392
LEAP-base,Uniform,1000,10,1,1,82058
LEAP-base,Uniform,1000,10,1,2,82258
LEAP-base,Uniform,1000,10,1,3,81930
LEAP-base,Uniform,1000,10,1,4,82148
LEAP-base,Uniform,1000,10,1,5,81942
LEAP-base,Uniform,1000,10,1,6,82646
LEAP-base,Uniform,1000,10,2,0,156723
LEAP-base,Uniform,1000,10,2,1,153901
LEAP-base,Uniform,1000,10,2,2,154608
LEAP-base,Uniform,1000,10,2,3,152327
LEAP-base,Uniform,1000,10,2,4,157216
LEAP-base,Uniform,1000,10,2,5,159603
LEAP-base,Uniform,1000,10,2,6,153472
LEAP-base,Uniform,1000,10,4,0,271231
LEAP-base,Uniform,1000,10,4,1,270004
LEAP-base,Uniform,1000,10,4,2,266012
LEAP-base,Uniform,1000,10,4,3,273801
LEAP-base,Uniform,1000,10,4,4,274073
LEAP-base,Uniform,1000,10,4,5,267578
LEAP-base,Uniform,1000,10,4,6,271083
LEAP-base,Uniform,1000,10,8,0,391933
LEAP-base,Uniform,1000,10,8,1,395464
LEAP-base,Uniform,1000,10,8,2,378376
LEAP-base,Uniform,1000,10,8,3,420625
LEAP-base,Uniform,1000,10,8,4,419816
LEAP-base,Uniform,1000,10,8,5,389351
LEAP-base,Uniform,1000,10,8,6,396167
LEAP-base,Uniform,1000,10,16,0,521589
LEAP-base,Uniform,1000,10,16,1,292705
LEAP-base,Uniform,1000,10,16,2,660660
LEAP-base,Uniform,1000,10,16,3,407181
LEAP-base,Uniform,1000,10,16,4,697900
LEAP-base,Uniform,1000,10,16,5,300157
LEAP-base,Uniform,1000,10,16,6,330904
LEAP,Uniform,1000,10,1,0,81067
LEAP,Uniform,1000,10,1,1,81013
LEAP,Uniform,1000,10,1,2,81544
LEAP,Uniform,1000,10,1,3,81598
LEAP,Uniform,1000,10,1,4,81407
LEAP,Uniform,1000,10,1,5,85068
LEAP,Uniform,1000,10,1,6,81344
LEAP,Uniform,1000,10,2,0,154322
LEAP,Uniform,1000,10,2,1,154198
LEAP,Uniform,1000,10,2,2,147520
LEAP,Uniform,1000,10,2,3,151413
LEAP,Uniform,1000,10,2,4,155760
LEAP,Uniform,1000,10,2,5,151994
LEAP,Uniform,1000,10,2,6,152866
LEAP,Uniform,1000,10,4,0,283215
LEAP,Uniform,1000,10,4,1,281621
LEAP,Uniform,1000,10,4,2,260263
LEAP,Uniform,1000,10,4,3,272714
LEAP,Uniform,1000,10,4,4,272379
LEAP,Uniform,1000,10,4,5,274689
LEAP,Uniform,1000,10,4,6,272088
LEAP,Uniform,1000,10,8,0,409307
LEAP,Uniform,1000,10,8,1,433597
LEAP,Uniform,1000,10,8,2,439192
LEAP,Uniform,1000,10,8,3,415580
LEAP,Uniform,1000,10,8,4,406521
LEAP,Uniform,1000,10,8,5,422857
LEAP,Uniform,1000,10,8,6,431552
LEAP,Uniform,1000,10,16,0,670362
LEAP,Uniform,1000,10,16,1,531019
LEAP,Uniform,1000,10,16,2,581858
LEAP,Uniform,1000,10,16,3,409222
LEAP,Uniform,1000,10,16,4,304089
LEAP,Uniform,1000,10,16,5,686943
LEAP,Uniform,1000,10,16,6,542614
Serial,Hotspot_90pct,1000,10,1,0,116590
Serial,Hotspot_90pct,1000,10,1,1,116621
Serial,Hotspot_90pct,1000,10,1,2,116695
Serial,Hotspot_90pct,1000,10,1,3,116680
Serial,Hotspot_90pct,1000,10,1,4,116743
Serial,Hotspot_90pct,1000,10,1,5,116608
Serial,Hotspot_90pct,1000,10,1,6,116747
LEAP-base,Hotspot_90pct,1000,10,1,0,81686
LEAP-base,Hotspot_90pct,1000,10,1,1,81386
LEAP-base,Hotspot_90pct,1000,10,1,2,81516
LEAP-base,Hotspot_90pct,1000,10,1,3,81716
LEAP-base,Hotspot_90pct,1000,10,1,4,81375
LEAP-base,Hotspot_90pct,1000,10,1,5,81568
LEAP-base,Hotspot_90pct,1000,10,1,6,81791
LEAP-base,Hotspot_90pct,1000,10,2,0,153959
LEAP-base,Hotspot_90pct,1000,10,2,1,152929
LEAP-base,Hotspot_90pct,1000,10,2,2,150948
LEAP-base,Hotspot_90pct,1000,10,2,3,151423
LEAP-base,Hotspot_90pct,1000,10,2,4,150638
LEAP-base,Hotspot_90pct,1000,10,2,5,153155
LEAP-base,Hotspot_90pct,1000,10,2,6,151958
LEAP-base,Hotspot_90pct,1000,10,4,0,271828
LEAP-base,Hotspot_90pct,1000,10,4,1,278726
LEAP-base,Hotspot_90pct,1000,10,4,2,270370
LEAP-base,Hotspot_90pct,1000,10,4,3,267515
LEAP-base,Hotspot_90pct,1000,10,4,4,270800
LEAP-base,Hotspot_90pct,1000,10,4,5,255309
LEAP-base,Hotspot_90pct,1000,10,4,6,275250
LEAP-base,Hotspot_90pct,1000,10,8,0,406208
LEAP-base,Hotspot_90pct,1000,10,8,1,405799
LEAP-base,Hotspot_90pct,1000,10,8,2,408203
LEAP-base,Hotspot_90pct,1000,10,8,3,420027
LEAP-base,Hotspot_90pct,1000,10,8,4,416115
LEAP-base,Hotspot_90pct,1000,10,8,5,416122
LEAP-base,Hotspot_90pct,1000,10,8,6,401915
LEAP-base,Hotspot_90pct,1000,10,16,0,618206
LEAP-base,Hotspot_90pct,1000,10,16,1,289521
LEAP-base,Hotspot_90pct,1000,10,16,2,338331
LEAP-base,Hotspot_90pct,1000,10,16,3,712394
LEAP-base,Hotspot_90pct,1000,10,16,4,578253
LEAP-base,Hotspot_90pct,1000,10,16,5,310272
LEAP-base,Hotspot_90pct,1000,10,16,6,676171
LEAP,Hotspot_90pct,1000,10,1,0,81704
LEAP,Hotspot_90pct,1000,10,1,1,86869
LEAP,Hotspot_90pct,1000,10,1,2,81338
LEAP,Hotspot_90pct,1000,10,1,3,86199
LEAP,Hotspot_90pct,1000,10,1,4,81767
LEAP,Hotspot_90pct,1000,10,1,5,81876
LEAP,Hotspot_90pct,1000,10,1,6,80631
LEAP,Hotspot_90pct,1000,10,2,0,150540
LEAP,Hotspot_90pct,1000,10,2,1,151929
LEAP,Hotspot_90pct,1000,10,2,2,146995
LEAP,Hotspot_90pct,1000,10,2,3,149836
LEAP,Hotspot_90pct,1000,10,2,4,152199
LEAP,Hotspot_90pct,1000,10,2,5,155656
LEAP,Hotspot_90pct,1000,10,2,6,149198
LEAP,Hotspot_90pct,1000,10,4,0,254800
LEAP,Hotspot_90pct,1000,10,4,1,284871
LEAP,Hotspot_90pct,1000,10,4,2,276903
LEAP,Hotspot_90pct,1000,10,4,3,276689
LEAP,Hotspot_90pct,1000,10,4,4,279360
LEAP,Hotspot_90pct,1000,10,4,5,278377
LEAP,Hotspot_90pct,1000,10,4,6,279566
LEAP,Hotspot_90pct,1000,10,8,0,424535
LEAP,Hotspot_90pct,1000,10,8,1,422351
LEAP,Hotspot_90pct,1000,10,8,2,426175
LEAP,Hotspot_90pct,1000,10,8,3,425386
LEAP,Hotspot_90pct,1000,10,8,4,423056
LEAP,Hotspot_90pct,1000,10,8,5,417782
LEAP,Hotspot_90pct,1000,10,8,6,427500
LEAP,Hotspot_90pct,1000,10,16,0,648201
LEAP,Hotspot_90pct,1000,10,16,1,631711
LEAP,Hotspot_90pct,1000,10,16,2,628768
LEAP,Hotspot_90pct,1000,10,16,3,648825
LEAP,Hotspot_90pct,1000,10,16,4,649101
LEAP,Hotspot_90pct,1000,10,16,5,552759
LEAP,Hotspot_90pct,1000,10,16,6,604100
Serial,Uniform,1000,50,1,0,23074
Serial,Uniform,1000,50,1,1,23304
Serial,Uniform,1000,50,1,2,23312
Serial,Uniform,1000,50,1,3,23330
Serial,Uniform,1000,50,1,4,23324
Serial,Uniform,1000,50,1,5,23327
Serial,Uniform,1000,50,1,6,23318
LEAP-base,Uniform,1000,50,1,0,20328
LEAP-base,Uniform,1000,50,1,1,20366
LEAP-base,Uniform,1000,50,1,2,20285
LEAP-base,Uniform,1000,50,1,3,20295
LEAP-base,Uniform,1000,50,1,4,21718
LEAP-base,Uniform,1000,50,1,5,20300
LEAP-base,Uniform,1000,50,1,6,20276
LEAP-base,Uniform,1000,50,2,0,39968
LEAP-base,Uniform,1000,50,2,1,41270
LEAP-base,Uniform,1000,50,2,2,40637
LEAP-base,Uniform,1000,50,2,3,40775
LEAP-base,Uniform,1000,50,2,4,40041
LEAP-base,Uniform,1000,50,2,5,40613
LEAP-base,Uniform,1000,50,2,6,40604
LEAP-base,Uniform,1000,50,4,0,77826
LEAP-base,Uniform,1000,50,4,1,78461
LEAP-base,Uniform,1000,50,4,2,80488
LEAP-base,Uniform,1000,50,4,3,79592
LEAP-base,Uniform,1000,50,4,4,81299
LEAP-base,Uniform,1000,50,4,5,76187
LEAP-base,Uniform,1000,50,4,6,80905
LEAP-base,Uniform,1000,50,8,0,149269
LEAP-base,Uniform,1000,50,8,1,142276
LEAP-base,Uniform,1000,50,8,2,146365
LEAP-base,Uniform,1000,50,8,3,152475
LEAP-base,Uniform,1000,50,8,4,141217
LEAP-base,Uniform,1000,50,8,5,142439
LEAP-base,Uniform,1000,50,8,6,144480
LEAP-base,Uniform,1000,50,16,0,241476
LEAP-base,Uniform,1000,50,16,1,240118
LEAP-base,Uniform,1000,50,16,2,238550
LEAP-base,Uniform,1000,50,16,3,240932
LEAP-base,Uniform,1000,50,16,4,239881
LEAP-base,Uniform,1000,50,16,5,236853
LEAP-base,Uniform,1000,50,16,6,206675
LEAP,Uniform,1000,50,1,0,20204
LEAP,Uniform,1000,50,1,1,20216
LEAP,Uniform,1000,50,1,2,20211
LEAP,Uniform,1000,50,1,3,20233
LEAP,Uniform,1000,50,1,4,20215
LEAP,Uniform,1000,50,1,5,20225
LEAP,Uniform,1000,50,1,6,21159
LEAP,Uniform,1000,50,2,0,40806
LEAP,Uniform,1000,50,2,1,40041
LEAP,Uniform,1000,50,2,2,40050
LEAP,Uniform,1000,50,2,3,41277
LEAP,Uniform,1000,50,2,4,39947
LEAP,Uniform,1000,50,2,5,39916
LEAP,Uniform,1000,50,2,6,41181
LEAP,Uniform,1000,50,4,0,79202
LEAP,Uniform,1000,50,4,1,77458
LEAP,Uniform,1000,50,4,2,78884
LEAP,Uniform,1000,50,4,3,80483
LEAP,Uniform,1000,50,4,4,80340
LEAP,Uniform,1000,50,4,5,79029
LEAP,Uniform,1000,50,4,6,79747
LEAP,Uniform,1000,50,8,0,141394
LEAP,Uniform,1000,50,8,1,143070
LEAP,Uniform,1000,50,8,2,146453
LEAP,Uniform,1000,50,8,3,140706
LEAP,Uniform,1000,50,8,4,148786
LEAP,Uniform,1000,50,8,5,146454
LEAP,Uniform,1000,50,8,6,141631
LEAP,Uniform,1000,50,16,0,247337
LEAP,Uniform,1000,50,16,1,246377
LEAP,Uniform,1000,50,16,2,249345
LEAP,Uniform,1000,50,16,3,208831
LEAP,Uniform,1000,50,16,4,218537
LEAP,Uniform,1000,50,16,5,206276
LEAP,Uniform,1000,50,16,6,216610
Serial,Hotspot_90pct,1000,50,1,0,23336
Serial,Hotspot_90pct,1000,50,1,1,23316
Serial,Hotspot_90pct,1000,50,1,2,23320
Serial,Hotspot_90pct,1000,50,1,3,23210
Serial,Hotspot_90pct,1000,50,1,4,23317
Serial,Hotspot_90pct,1000,50,1,5,23309
Serial,Hotspot_90pct,1000,50,1,6,23318
LEAP-base,Hotspot_90pct,1000,50,1,0,20274
LEAP-base,Hotspot_90pct,1000,50,1,1,20186
LEAP-base,Hotspot_90pct,1000,50,1,2,20182
LEAP-base,Hotspot_90pct,1000,50,1,3,20211
LEAP-base,Hotspot_90pct,1000,50,1,4,20243
LEAP-base,Hotspot_90pct,1000,50,1,5,20253
LEAP-base,Hotspot_90pct,1000,50,1,6,20235
LEAP-base,Hotspot_90pct,1000,50,2,0,39898
LEAP-base,Hotspot_90pct,1000,50,2,1,41287
LEAP-base,Hotspot_90pct,1000,50,2,2,39883
LEAP-base,Hotspot_90pct,1000,50,2,3,41824
LEAP-base,Hotspot_90pct,1000,50,2,4,41288
LEAP-base,Hotspot_90pct,1000,50,2,5,40078
LEAP-base,Hotspot_90pct,1000,50,2,6,40037
LEAP-base,Hotspot_90pct,1000,50,4,0,80204
LEAP-base,Hotspot_90pct,1000,50,4,1,81957
LEAP-base,Hotspot_90pct,1000,50,4,2,82814
LEAP-base,Hotspot_90pct,1000,50,4,3,80662
LEAP-base,Hotspot_90pct,1000,50,4,4,79116
LEAP-base,Hotspot_90pct,1000,50,4,5,80349
LEAP-base,Hotspot_90pct,1000,50,4,6,82712
LEAP-base,Hotspot_90pct,1000,50,8,0,147715
LEAP-base,Hotspot_90pct,1000,50,8,1,146809
LEAP-base,Hotspot_90pct,1000,50,8,2,138282
LEAP-base,Hotspot_90pct,1000,50,8,3,157790
LEAP-base,Hotspot_90pct,1000,50,8,4,141764
LEAP-base,Hotspot_90pct,1000,50,8,5,145062
LEAP-base,Hotspot_90pct,1000,50,8,6,147426
LEAP-base,Hotspot_90pct,1000,50,16,0,213023
LEAP-base,Hotspot_90pct,1000,50,16,1,210319
LEAP-base,Hotspot_90pct,1000,50,16,2,235558
LEAP-base,Hotspot_90pct,1000,50,16,3,209280
LEAP-base,Hotspot_90pct,1000,50,16,4,200819
LEAP-base,Hotspot_90pct,1000,50,16,5,224772
LEAP-base,Hotspot_90pct,1000,50,16,6,239352
LEAP,Hotspot_90pct,1000,50,1,0,20258
LEAP,Hotspot_90pct,1000,50,1,1,20260
LEAP,Hotspot_90pct,1000,50,1,2,20231
LEAP,Hotspot_90pct,1000,50,1,3,20236
LEAP,Hotspot_90pct,1000,50,1,4,20221
LEAP,Hotspot_90pct,1000,50,1,5,20242
LEAP,Hotspot_90pct,1000,50,1,6,20222
LEAP,Hotspot_90pct,1000,50,2,0,40270
LEAP,Hotspot_90pct,1000,50,2,1,40759
LEAP,Hotspot_90pct,1000,50,2,2,39934
LEAP,Hotspot_90pct,1000,50,2,3,40065
LEAP,Hotspot_90pct,1000,50,2,4,39945
LEAP,Hotspot_90pct,1000,50,2,5,40009
LEAP,Hotspot_90pct,1000,50,2,6,41358
LEAP,Hotspot_90pct,1000,50,4,0,81420
LEAP,Hotspot_90pct,1000,50,4,1,84007
LEAP,Hotspot_90pct,1000,50,4,2,80609
LEAP,Hotspot_90pct,1000,50,4,3,81236
LEAP,Hotspot_90pct,1000,50,4,4,81769
LEAP,Hotspot_90pct,1000,50,4,5,80576
LEAP,Hotspot_90pct,1000,50,4,6,81271
LEAP,Hotspot_90pct,1000,50,8,0,150743
LEAP,Hotspot_90pct,1000,50,8,1,141828
LEAP,Hotspot_90pct,1000,50,8,2,135734
LEAP,Hotspot_90pct,1000,50,8,3,150508
LEAP,Hotspot_90pct,1000,50,8,4,146366
LEAP,Hotspot_90pct,1000,50,8,5,144173
LEAP,Hotspot_90pct,1000,50,8,6,145259
LEAP,Hotspot_90pct,1000,50,16,0,247235
LEAP,Hotspot_90pct,1000,50,16,1,247771
LEAP,Hotspot_90pct,1000,50,16,2,247512
LEAP,Hotspot_90pct,1000,50,16,3,244985
LEAP,Hotspot_90pct,1000,50,16,4,233484
LEAP,Hotspot_90pct,1000,50,16,5,247748
LEAP,Hotspot_90pct,1000,50,16,6,248716
Serial,Uniform,1000,100,1,0,11628
Serial,Uniform,1000,100,1,1,11616
Serial,Uniform,1000,100,1,2,11626
Serial,Uniform,1000,100,1,3,11634
Serial,Uniform,1000,100,1,4,11635
Serial,Uniform,1000,100,1,5,11638
Serial,Uniform,1000,100,1,6,11631
LEAP-base,Uniform,1000,100,1,0,10451
LEAP-base,Uniform,1000,100,1,1,10453
LEAP-base,Uniform,1000,100,1,2,10449
LEAP-base,Uniform,1000,100,1,3,10455
LEAP-base,Uniform,1000,100,1,4,10434
LEAP-base,Uniform,1000,100,1,5,10451
LEAP-base,Uniform,1000,100,1,6,10465
LEAP-base,Uniform,1000,100,2,0,20737
LEAP-base,Uniform,1000,100,2,1,21005
LEAP-base,Uniform,1000,100,2,2,20731
LEAP-base,Uniform,1000,100,2,3,21494
LEAP-base,Uniform,1000,100,2,4,21407
LEAP-base,Uniform,1000,100,2,5,20908
LEAP-base,Uniform,1000,100,2,6,20743
LEAP-base,Uniform,1000,100,4,0,42070
LEAP-base,Uniform,1000,100,4,1,41769
LEAP-base,Uniform,1000,100,4,2,41101
LEAP-base,Uniform,1000,100,4,3,41178
LEAP-base,Uniform,1000,100,4,4,41945
LEAP-base,Uniform,1000,100,4,5,42118
LEAP-base,Uniform,1000,100,4,6,41357
LEAP-base,Uniform,1000,100,8,0,79711
LEAP-base,Uniform,1000,100,8,1,81692
LEAP-base,Uniform,1000,100,8,2,75551
LEAP-base,Uniform,1000,100,8,3,82209
LEAP-base,Uniform,1000,100,8,4,78780
LEAP-base,Uniform,1000,100,8,5,77414
LEAP-base,Uniform,1000,100,8,6,77976
LEAP-base,Uniform,1000,100,16,0,129284
LEAP-base,Uniform,1000,100,16,1,128271
LEAP-base,Uniform,1000,100,16,2,133408
LEAP-base,Uniform,1000,100,16,3,130765
LEAP-base,Uniform,1000,100,16,4,136407
LEAP-base,Uniform,1000,100,16,5,132462
LEAP-base,Uniform,1000,100,16,6,131630
LEAP,Uniform,1000,100,1,0,10464
LEAP,Uniform,1000,100,1,1,11202
LEAP,Uniform,1000,100,1,2,10454
LEAP,Uniform,1000,100,1,3,10453
LEAP,Uniform,1000,100,1,4,10446
LEAP,Uniform,1000,100,1,5,10430
LEAP,Uniform,1000,100,1,6,10465
LEAP,Uniform,1000,100,2,0,21872
LEAP,Uniform,1000,100,2,1,20981
LEAP,Uniform,1000,100,2,2,21318
LEAP,Uniform,1000,100,2,3,20682
LEAP,Uniform,1000,100,2,4,21644
LEAP,Uniform,1000,100,2,5,20780
LEAP,Uniform,1000,100,2,6,20789
LEAP,Uniform,1000,100,4,0,42129
LEAP,Uniform,1000,100,4,1,41835
LEAP,Uniform,1000,100,4,2,42442
LEAP,Uniform,1000,100,4,3,41027
LEAP,Uniform,1000,100,4,4,41886
LEAP,Uniform,1000,100,4,5,42853
LEAP,Uniform,1000,100,4,6,42147
LEAP,Uniform,1000,100,8,0,81839
LEAP,Uniform,1000,100,8,1,78321
LEAP,Uniform,1000,100,8,2,80485
LEAP,Uniform,1000,100,8,3,79689
LEAP,Uniform,1000,100,8,4,76642
LEAP,Uniform,1000,100,8,5,82929
LEAP,Uniform,1000,100,8,6,79939
LEAP,Uniform,1000,100,16,0,126650
LEAP,Uniform,1000,100,16,1,133590
LEAP,Uniform,1000,100,16,2,135120
LEAP,Uniform,1000,100,16,3,124842
LEAP,Uniform,1000,100,16,4,129544
LEAP,Uniform,1000,100,16,5,135695
LEAP,Uniform,1000,100,16,6,132822
Serial,Hotspot_90pct,1000,100,1,0,11615
Serial,Hotspot_90pct,1000,100,1,1,11620
Serial,Hotspot_90pct,1000,100,1,2,11617
Serial,Hotspot_90pct,1000,100,1,3,11634
Serial,Hotspot_90pct,1000,100,1,4,11624
Serial,Hotspot_90pct,1000,100,1,5,11635
Serial,Hotspot_90pct,1000,100,1,6,11626
LEAP-base,Hotspot_90pct,1000,100,1,0,11053
LEAP-base,Hotspot_90pct,1000,100,1,1,10762
LEAP-base,Hotspot_90pct,1000,100,1,2,10427
LEAP-base,Hotspot_90pct,1000,100,1,3,10621
LEAP-base,Hotspot_90pct,1000,100,1,4,10428
LEAP-base,Hotspot_90pct,1000,100,1,5,10557
LEAP-base,Hotspot_90pct,1000,100,1,6,10446
LEAP-base,Hotspot_90pct,1000,100,2,0,20773
LEAP-base,Hotspot_90pct,1000,100,2,1,20944
LEAP-base,Hotspot_90pct,1000,100,2,2,20778
LEAP-base,Hotspot_90pct,1000,100,2,3,20771
LEAP-base,Hotspot_90pct,1000,100,2,4,20697
LEAP-base,Hotspot_90pct,1000,100,2,5,21111
LEAP-base,Hotspot_90pct,1000,100,2,6,20744
LEAP-base,Hotspot_90pct,1000,100,4,0,41342
LEAP-base,Hotspot_90pct,1000,100,4,1,41390
LEAP-base,Hotspot_90pct,1000,100,4,2,41642
LEAP-base,Hotspot_90pct,1000,100,4,3,42817
LEAP-base,Hotspot_90pct,1000,100,4,4,42633
LEAP-base,Hotspot_90pct,1000,100,4,5,42079
LEAP-base,Hotspot_90pct,1000,100,4,6,41168
LEAP-base,Hotspot_90pct,1000,100,8,0,77816
LEAP-base,Hotspot_90pct,1000,100,8,1,78281
LEAP-base,Hotspot_90pct,1000,100,8,2,79206
LEAP-base,Hotspot_90pct,1000,100,8,3,80906
LEAP-base,Hotspot_90pct,1000,100,8,4,79420
LEAP-base,Hotspot_90pct,1000,100,8,5,81039
LEAP-base,Hotspot_90pct,1000,100,8,6,80118
LEAP-base,Hotspot_90pct,1000,100,16,0,133017
LEAP-base,Hotspot_90pct,1000,100,16,1,135313
LEAP-base,Hotspot_90pct,1000,100,16,2,130804
LEAP-base,Hotspot_90pct,1000,100,16,3,123610
LEAP-base,Hotspot_90pct,1000,100,16,4,132587
LEAP-base,Hotspot_90pct,1000,100,16,5,133379
LEAP-base,Hotspot_90pct,1000,100,16,6,134931
LEAP,Hotspot_90pct,1000,100,1,0,10474
LEAP,Hotspot_90pct,1000,100,1,1,10885
LEAP,Hotspot_90pct,1000,100,1,2,10469
LEAP,Hotspot_90pct,1000,100,1,3,11231
LEAP,Hotspot_90pct,1000,100,1,4,10476
LEAP,Hotspot_90pct,1000,100,1,5,10475
LEAP,Hotspot_90pct,1000,100,1,6,10471
LEAP,Hotspot_90pct,1000,100,2,0,20924
LEAP,Hotspot_90pct,1000,100,2,1,20777
LEAP,Hotspot_90pct,1000,100,2,2,21483
LEAP,Hotspot_90pct,1000,100,2,3,20775
LEAP,Hotspot_90pct,1000,100,2,4,20761
LEAP,Hotspot_90pct,1000,100,2,5,20742
LEAP,Hotspot_90pct,1000,100,2,6,20906
LEAP,Hotspot_90pct,1000,100,4,0,42562
LEAP,Hotspot_90pct,1000,100,4,1,42011
LEAP,Hotspot_90pct,1000,100,4,2,43409
LEAP,Hotspot_90pct,1000,100,4,3,42867
LEAP,Hotspot_90pct,1000,100,4,4,42175
LEAP,Hotspot_90pct,1000,100,4,5,41378
LEAP,Hotspot_90pct,1000,100,4,6,42183
LEAP,Hotspot_90pct,1000,100,8,0,79079
LEAP,Hotspot_90pct,1000,100,8,1,79095
LEAP,Hotspot_90pct,1000,100,8,2,80169
LEAP,Hotspot_90pct,1000,100,8,3,79065
LEAP,Hotspot_90pct,1000,100,8,4,81350
LEAP,Hotspot_90pct,1000,100,8,5,80545
LEAP,Hotspot_90pct,1000,100,8,6,80978
LEAP,Hotspot_90pct,1000,100,16,0,135290
LEAP,Hotspot_90pct,1000,100,16,1,135221
LEAP,Hotspot_90pct,1000,100,16,2,135692
LEAP,Hotspot_90pct,1000,100,16,3,133447
LEAP,Hotspot_90pct,1000,100,16,4,132398
LEAP,Hotspot_90pct,1000,100,16,5,127373
LEAP,Hotspot_90pct,1000,100,16,6,132009
LEAP-base,Hotspot_90pct,50,10,1,0,79928
LEAP-base,Hotspot_90pct,50,10,1,1,79353
LEAP-base,Hotspot_90pct,50,10,1,2,80017
LEAP-base,Hotspot_90pct,50,10,1,3,79802
LEAP-base,Hotspot_90pct,50,10,1,4,80390
LEAP-base,Hotspot_90pct,50,10,1,5,80787
LEAP-base,Hotspot_90pct,50,10,1,6,81610
LEAP-base,Hotspot_90pct,50,10,4,0,274197
LEAP-base,Hotspot_90pct,50,10,4,1,279061
LEAP-base,Hotspot_90pct,50,10,4,2,267896
LEAP-base,Hotspot_90pct,50,10,4,3,265717
LEAP-base,Hotspot_90pct,50,10,4,4,269721
LEAP-base,Hotspot_90pct,50,10,4,5,270860
LEAP-base,Hotspot_90pct,50,10,4,6,275183
LEAP-base,Hotspot_90pct,50,10,8,0,419381
LEAP-base,Hotspot_90pct,50,10,8,1,384549
LEAP-base,Hotspot_90pct,50,10,8,2,372895
LEAP-base,Hotspot_90pct,50,10,8,3,410123
LEAP-base,Hotspot_90pct,50,10,8,4,384204
LEAP-base,Hotspot_90pct,50,10,8,5,402620
LEAP-base,Hotspot_90pct,50,10,8,6,389102
LEAP-base,Hotspot_90pct,50,10,16,0,538421
LEAP-base,Hotspot_90pct,50,10,16,1,521992
LEAP-base,Hotspot_90pct,50,10,16,2,315027
LEAP-base,Hotspot_90pct,50,10,16,3,426491
LEAP-base,Hotspot_90pct,50,10,16,4,584434
LEAP-base,Hotspot_90pct,50,10,16,5,616283
LEAP-base,Hotspot_90pct,50,10,16,6,490255
LEAP,Hotspot_90pct,50,10,1,0,81212
LEAP,Hotspot_90pct,50,10,1,1,79581
LEAP,Hotspot_90pct,50,10,1,2,79954
LEAP,Hotspot_90pct,50,10,1,3,79635
LEAP,Hotspot_90pct,50,10,1,4,80290
LEAP,Hotspot_90pct,50,10,1,5,79805
LEAP,Hotspot_90pct,50,10,1,6,80540
LEAP,Hotspot_90pct,50,10,4,0,272961
LEAP,Hotspot_90pct,50,10,4,1,276991
LEAP,Hotspot_90pct,50,10,4,2,272797
LEAP,Hotspot_90pct,50,10,4,3,274794
LEAP,Hotspot_90pct,50,10,4,4,273824
LEAP,Hotspot_90pct,50,10,4,5,272440
LEAP,Hotspot_90pct,50,10,4,6,278909
LEAP,Hotspot_90pct,50,10,8,0,408305
LEAP,Hotspot_90pct,50,10,8,1,401214
LEAP,Hotspot_90pct,50,10,8,2,418424
LEAP,Hotspot_90pct,50,10,8,3,408985
LEAP,Hotspot_90pct,50,10,8,4,419404
LEAP,Hotspot_90pct,50,10,8,5,388144
LEAP,Hotspot_90pct,50,10,8,6,407709
LEAP,Hotspot_90pct,50,10,16,0,608435
LEAP,Hotspot_90pct,50,10,16,1,392677
LEAP,Hotspot_90pct,50,10,16,2,659018
LEAP,Hotspot_90pct,50,10,16,3,692726
LEAP,Hotspot_90pct,50,10,16,4,627726
LEAP,Hotspot_90pct,50,10,16,5,540813
LEAP,Hotspot_90pct,50,10,16,6,455373
LEAP-base,Hotspot_90pct,200,10,1,0,80951
LEAP-base,Hotspot_90pct,200,10,1,1,85292
LEAP-base,Hotspot_90pct,200,10,1,2,82264
LEAP-base,Hotspot_90pct,200,10,1,3,80430
LEAP-base,Hotspot_90pct,200,10,1,4,80771
LEAP-base,Hotspot_90pct,200,10,1,5,80753
LEAP-base,Hotspot_90pct,200,10,1,6,80543
LEAP-base,Hotspot_90pct,200,10,4,0,272281
LEAP-base,Hotspot_90pct,200,10,4,1,269115
LEAP-base,Hotspot_90pct,200,10,4,2,272091
LEAP-base,Hotspot_90pct,200,10,4,3,268456
LEAP-base,Hotspot_90pct,200,10,4,4,260256
LEAP-base,Hotspot_90pct,200,10,4,5,273302
LEAP-base,Hotspot_90pct,200,10,4,6,268379
LEAP-base,Hotspot_90pct,200,10,8,0,369553
LEAP-base,Hotspot_90pct,200,10,8,1,407961
LEAP-base,Hotspot_90pct,200,10,8,2,411789
LEAP-base,Hotspot_90pct,200,10,8,3,378870
LEAP-base,Hotspot_90pct,200,10,8,4,406930
LEAP-base,Hotspot_90pct,200,10,8,5,393493
LEAP-base,Hotspot_90pct,200,10,8,6,389639
LEAP-base,Hotspot_90pct,200,10,16,0,671003
LEAP-base,Hotspot_90pct,200,10,16,1,304231
LEAP-base,Hotspot_90pct,200,10,16,2,643093
LEAP-base,Hotspot_90pct,200,10,16,3,433299
LEAP-base,Hotspot_90pct,200,10,16,4,377495
LEAP-base,Hotspot_90pct,200,10,16,5,360603
LEAP-base,Hotspot_90pct,200,10,16,6,601149
LEAP,Hotspot_90pct,200,10,1,0,80571
LEAP,Hotspot_90pct,200,10,1,1,80686
LEAP,Hotspot_90pct,200,10,1,2,80535
LEAP,Hotspot_90pct,200,10,1,3,83787
LEAP,Hotspot_90pct,200,10,1,4,80098
LEAP,Hotspot_90pct,200,10,1,5,80050
LEAP,Hotspot_90pct,200,10,1,6,79392
LEAP,Hotspot_90pct,200,10,4,0,273912
LEAP,Hotspot_90pct,200,10,4,1,271773
LEAP,Hotspot_90pct,200,10,4,2,275035
LEAP,Hotspot_90pct,200,10,4,3,271021
LEAP,Hotspot_90pct,200,10,4,4,275595
LEAP,Hotspot_90pct,200,10,4,5,284284
LEAP,Hotspot_90pct,200,10,4,6,271974
LEAP,Hotspot_90pct,200,10,8,0,404308
LEAP,Hotspot_90pct,200,10,8,1,416763
LEAP,Hotspot_90pct,200,10,8,2,402695
LEAP,Hotspot_90pct,200,10,8,3,407172
LEAP,Hotspot_90pct,200,10,8,4,398573
LEAP,Hotspot_90pct,200,10,8,5,426446
LEAP,Hotspot_90pct,200,10,8,6,399313
LEAP,Hotspot_90pct,200,10,16,0,543226
LEAP,Hotspot_90pct,200,10,16,1,640575
LEAP,Hotspot_90pct,200,10,16,2,644082
LEAP,Hotspot_90pct,200,10,16,3,559607
LEAP,Hotspot_90pct,200,10,16,4,660907
LEAP,Hotspot_90pct,200,10,16,5,568463
LEAP,Hotspot_90pct,200,10,16,6,430909
LEAP-base,Hotspot_90pct,1000,10,1,0,79425
LEAP-base,Hotspot_90pct,1000,10,1,1,79380
LEAP-base,Hotspot_90pct,1000,10,1,2,79408
LEAP-base,Hotspot_90pct,1000,10,1,3,79612
LEAP-base,Hotspot_90pct,1000,10,1,4,80549
LEAP-base,Hotspot_90pct,1000,10,1,5,79398
LEAP-base,Hotspot_90pct,1000,10,1,6,79799
LEAP-base,Hotspot_90pct,1000,10,4,0,252772
LEAP-base,Hotspot_90pct,1000,10,4,1,271913
LEAP-base,Hotspot_90pct,1000,10,4,2,267166
LEAP-base,Hotspot_90pct,1000,10,4,3,270046
LEAP-base,Hotspot_90pct,1000,10,4,4,269033
LEAP-base,Hotspot_90pct,1000,10,4,5,272854
LEAP-base,Hotspot_90pct,1000,10,4,6,268975
LEAP-base,Hotspot_90pct,1000,10,8,0,400356
LEAP-base,Hotspot_90pct,1000,10,8,1,391809
LEAP-base,Hotspot_90pct,1000,10,8,2,403199
LEAP-base,Hotspot_90pct,1000,10,8,3,386000
LEAP-base,Hotspot_90pct,1000,10,8,4,375753
LEAP-base,Hotspot_90pct,1000,10,8,5,382157
LEAP-base,Hotspot_90pct,1000,10,8,6,417842
LEAP-base,Hotspot_90pct,1000,10,16,0,278061
LEAP-base,Hotspot_90pct,1000,10,16,1,633357
LEAP-base,Hotspot_90pct,1000,10,16,2,637691
LEAP-base,Hotspot_90pct,1000,10,16,3,621893
LEAP-base,Hotspot_90pct,1000,10,16,4,259598
LEAP-base,Hotspot_90pct,1000,10,16,5,574503
LEAP-base,Hotspot_90pct,1000,10,16,6,341423
LEAP,Hotspot_90pct,1000,10,1,0,84406
LEAP,Hotspot_90pct,1000,10,1,1,80471
LEAP,Hotspot_90pct,1000,10,1,2,80560
LEAP,Hotspot_90pct,1000,10,1,3,80135
LEAP,Hotspot_90pct,1000,10,1,4,84704
LEAP,Hotspot_90pct,1000,10,1,5,80633
LEAP,Hotspot_90pct,1000,10,1,6,80350
LEAP,Hotspot_90pct,1000,10,4,0,277135
LEAP,Hotspot_90pct,1000,10,4,1,276761
LEAP,Hotspot_90pct,1000,10,4,2,274998
LEAP,Hotspot_90pct,1000,10,4,3,280803
LEAP,Hotspot_90pct,1000,10,4,4,261141
LEAP,Hotspot_90pct,1000,10,4,5,269761
LEAP,Hotspot_90pct,1000,10,4,6,276054
LEAP,Hotspot_90pct,1000,10,8,0,433244
LEAP,Hotspot_90pct,1000,10,8,1,416139
LEAP,Hotspot_90pct,1000,10,8,2,430482
LEAP,Hotspot_90pct,1000,10,8,3,419316
LEAP,Hotspot_90pct,1000,10,8,4,413440
LEAP,Hotspot_90pct,1000,10,8,5,413991
LEAP,Hotspot_90pct,1000,10,8,6,411407
LEAP,Hotspot_90pct,1000,10,16,0,666953
LEAP,Hotspot_90pct,1000,10,16,1,545363
LEAP,Hotspot_90pct,1000,10,16,2,542017
LEAP,Hotspot_90pct,1000,10,16,3,580234
LEAP,Hotspot_90pct,1000,10,16,4,392658
LEAP,Hotspot_90pct,1000,10,16,5,664281
LEAP,Hotspot_90pct,1000,10,16,6,640634
LEAP-base,Zipf_0.8,1000,10,1,0,80469
LEAP-base,Zipf_0.8,1000,10,1,1,80207
LEAP-base,Zipf_0.8,1000,10,1,2,79956
LEAP-base,Zipf_0.8,1000,10,1,3,84504
LEAP-base,Zipf_0.8,1000,10,1,4,79711
LEAP-base,Zipf_0.8,1000,10,1,5,79972
LEAP-base,Zipf_0.8,1000,10,1,6,79997
LEAP-base,Zipf_0.8,1000,10,4,0,273511
LEAP-base,Zipf_0.8,1000,10,4,1,275913
LEAP-base,Zipf_0.8,1000,10,4,2,268562
LEAP-base,Zipf_0.8,1000,10,4,3,262073
LEAP-base,Zipf_0.8,1000,10,4,4,270951
LEAP-base,Zipf_0.8,1000,10,4,5,262240
LEAP-base,Zipf_0.8,1000,10,4,6,273298
LEAP-base,Zipf_0.8,1000,10,8,0,407756
LEAP-base,Zipf_0.8,1000,10,8,1,400515
LEAP-base,Zipf_0.8,1000,10,8,2,402037
LEAP-base,Zipf_0.8,1000,10,8,3,398333
LEAP-base,Zipf_0.8,1000,10,8,4,397886
LEAP-base,Zipf_0.8,1000,10,8,5,399345
LEAP-base,Zipf_0.8,1000,10,8,6,402499
LEAP-base,Zipf_0.8,1000,10,16,0,530762
LEAP-base,Zipf_0.8,1000,10,16,1,625988
LEAP-base,Zipf_0.8,1000,10,16,2,430787
LEAP-base,Zipf_0.8,1000,10,16,3,604549
LEAP-base,Zipf_0.8,1000,10,16,4,595078
LEAP-base,Zipf_0.8,1000,10,16,5,555549
LEAP-base,Zipf_0.8,1000,10,16,6,618191
LEAP,Zipf_0.8,1000,10,1,0,79022
LEAP,Zipf_0.8,1000,10,1,1,80343
LEAP,Zipf_0.8,1000,10,1,2,80502
LEAP,Zipf_0.8,1000,10,1,3,80339
LEAP,Zipf_0.8,1000,10,1,4,80091
LEAP,Zipf_0.8,1000,10,1,5,83522
LEAP,Zipf_0.8,1000,10,1,6,80432
LEAP,Zipf_0.8,1000,10,4,0,270165
LEAP,Zipf_0.8,1000,10,4,1,254237
LEAP,Zipf_0.8,1000,10,4,2,271659
LEAP,Zipf_0.8,1000,10,4,3,265270
LEAP,Zipf_0.8,1000,10,4,4,271066
LEAP,Zipf_0.8,1000,10,4,5,274457
LEAP,Zipf_0.8,1000,10,4,6,270152
LEAP,Zipf_0.8,1000,10,8,0,412236
LEAP,Zipf_0.8,1000,10,8,1,420478
LEAP,Zipf_0.8,1000,10,8,2,426287
LEAP,Zipf_0.8,1000,10,8,3,417909
LEAP,Zipf_0.8,1000,10,8,4,414814
LEAP,Zipf_0.8,1000,10,8,5,418039
LEAP,Zipf_0.8,1000,10,8,6,410580
LEAP,Zipf_0.8,1000,10,16,0,635944
LEAP,Zipf_0.8,1000,10,16,1,370523
LEAP,Zipf_0.8,1000,10,16,2,529230
LEAP,Zipf_0.8,1000,10,16,3,631099
LEAP,Zipf_0.8,1000,10,16,4,622350
LEAP,Zipf_0.8,1000,10,16,5,311948
LEAP,Zipf_0.8,1000,10,16,6,681608
LEAP-noDomain,Zipf_0.8,1000,10,1,0,80399
LEAP-noDomain,Zipf_0.8,1000,10,1,1,80574
LEAP-noDomain,Zipf_0.8,1000,10,1,2,80869
LEAP-noDomain,Zipf_0.8,1000,10,1,3,80860
LEAP-noDomain,Zipf_0.8,1000,10,1,4,80333
LEAP-noDomain,Zipf_0.8,1000,10,1,5,81447
LEAP-noDomain,Zipf_0.8,1000,10,1,6,81049
LEAP-noDomain,Zipf_0.8,1000,10,4,0,280014
LEAP-noDomain,Zipf_0.8,1000,10,4,1,276140
LEAP-noDomain,Zipf_0.8,1000,10,4,2,253518
LEAP-noDomain,Zipf_0.8,1000,10,4,3,274050
LEAP-noDomain,Zipf_0.8,1000,10,4,4,279851
LEAP-noDomain,Zipf_0.8,1000,10,4,5,253188
LEAP-noDomain,Zipf_0.8,1000,10,4,6,276461
LEAP-noDomain,Zipf_0.8,1000,10,8,0,417336
LEAP-noDomain,Zipf_0.8,1000,10,8,1,408265
LEAP-noDomain,Zipf_0.8,1000,10,8,2,414903
LEAP-noDomain,Zipf_0.8,1000,10,8,3,407534
LEAP-noDomain,Zipf_0.8,1000,10,8,4,439520
LEAP-noDomain,Zipf_0.8,1000,10,8,5,414510
LEAP-noDomain,Zipf_0.8,1000,10,8,6,406788
LEAP-noDomain,Zipf_0.8,1000,10,16,0,651493
LEAP-noDomain,Zipf_0.8,1000,10,16,1,576808
LEAP-noDomain,Zipf_0.8,1000,10,16,2,640790
LEAP-noDomain,Zipf_0.8,1000,10,16,3,555418
LEAP-noDomain,Zipf_0.8,1000,10,16,4,576699
LEAP-noDomain,Zipf_0.8,1000,10,16,5,363376
LEAP-noDomain,Zipf_0.8,1000,10,16,6,454648
LEAP-noHotDelta,Zipf_0.8,1000,10,1,0,80461
LEAP-noHotDelta,Zipf_0.8,1000,10,1,1,83554
LEAP-noHotDelta,Zipf_0.8,1000,10,1,2,79036
LEAP-noHotDelta,Zipf_0.8,1000,10,1,3,79776
LEAP-noHotDelta,Zipf_0.8,1000,10,1,4,79479
LEAP-noHotDelta,Zipf_0.8,1000,10,1,5,79829
LEAP-noHotDelta,Zipf_0.8,1000,10,1,6,79106
LEAP-noHotDelta,Zipf_0.8,1000,10,4,0,278991
LEAP-noHotDelta,Zipf_0.8,1000,10,4,1,276877
LEAP-noHotDelta,Zipf_0.8,1000,10,4,2,280434
LEAP-noHotDelta,Zipf_0.8,1000,10,4,3,287497
LEAP-noHotDelta,Zipf_0.8,1000,10,4,4,276976
LEAP-noHotDelta,Zipf_0.8,1000,10,4,5,270334
LEAP-noHotDelta,Zipf_0.8,1000,10,4,6,269422
LEAP-noHotDelta,Zipf_0.8,1000,10,8,0,410573
LEAP-noHotDelta,Zipf_0.8,1000,10,8,1,436025
LEAP-noHotDelta,Zipf_0.8,1000,10,8,2,405123
LEAP-noHotDelta,Zipf_0.8,1000,10,8,3,416208
LEAP-noHotDelta,Zipf_0.8,1000,10,8,4,414979
LEAP-noHotDelta,Zipf_0.8,1000,10,8,5,431907
LEAP-noHotDelta,Zipf_0.8,1000,10,8,6,408021
LEAP-noHotDelta,Zipf_0.8,1000,10,16,0,301081
LEAP-noHotDelta,Zipf_0.8,1000,10,16,1,313819
LEAP-noHotDelta,Zipf_0.8,1000,10,16,2,321660
LEAP-noHotDelta,Zipf_0.8,1000,10,16,3,696220
LEAP-noHotDelta,Zipf_0.8,1000,10,16,4,371366
LEAP-noHotDelta,Zipf_0.8,1000,10,16,5,431369
LEAP-noHotDelta,Zipf_0.8,1000,10,16,6,676081
LEAP-noBP,Zipf_0.8,1000,10,1,0,80166
LEAP-noBP,Zipf_0.8,1000,10,1,1,79580
LEAP-noBP,Zipf_0.8,1000,10,1,2,84582
LEAP-noBP,Zipf_0.8,1000,10,1,3,84834
LEAP-noBP,Zipf_0.8,1000,10,1,4,83687
LEAP-noBP,Zipf_0.8,1000,10,1,5,80174
LEAP-noBP,Zipf_0.8,1000,10,1,6,84132
LEAP-noBP,Zipf_0.8,1000,10,4,0,281587
LEAP-noBP,Zipf_0.8,1000,10,4,1,272119
LEAP-noBP,Zipf_0.8,1000,10,4,2,279851
LEAP-noBP,Zipf_0.8,1000,10,4,3,272233
LEAP-noBP,Zipf_0.8,1000,10,4,4,273723
LEAP-noBP,Zipf_0.8,1000,10,4,5,275875
LEAP-noBP,Zipf_0.8,1000,10,4,6,279397
LEAP-noBP,Zipf_0.8,1000,10,8,0,422814
LEAP-noBP,Zipf_0.8,1000,10,8,1,418368
LEAP-noBP,Zipf_0.8,1000,10,8,2,437820
LEAP-noBP,Zipf_0.8,1000,10,8,3,428667
LEAP-noBP,Zipf_0.8,1000,10,8,4,412233
LEAP-noBP,Zipf_0.8,1000,10,8,5,414207
LEAP-noBP,Zipf_0.8,1000,10,8,6,411894
LEAP-noBP,Zipf_0.8,1000,10,16,0,628444
LEAP-noBP,Zipf_0.8,1000,10,16,1,497491
LEAP-noBP,Zipf_0.8,1000,10,16,2,518853
LEAP-noBP,Zipf_0.8,1000,10,16,3,630037
LEAP-noBP,Zipf_0.8,1000,10,16,4,464178
LEAP-noBP,Zipf_0.8,1000,10,16,5,647695
LEAP-noBP,Zipf_0.8,1000,10,16,6,642669
LEAP-base,Hotspot_90pct,1000,10,1,0,81581
LEAP-base,Hotspot_90pct,1000,10,1,1,79615
LEAP-base,Hotspot_90pct,1000,10,1,2,79878
LEAP-base,Hotspot_90pct,1000,10,1,3,79983
LEAP-base,Hotspot_90pct,1000,10,1,4,79417
LEAP-base,Hotspot_90pct,1000,10,1,5,80205
LEAP-base,Hotspot_90pct,1000,10,1,6,80789
LEAP-base,Hotspot_90pct,1000,10,4,0,254562
LEAP-base,Hotspot_90pct,1000,10,4,1,281840
LEAP-base,Hotspot_90pct,1000,10,4,2,270898
LEAP-base,Hotspot_90pct,1000,10,4,3,251483
LEAP-base,Hotspot_90pct,1000,10,4,4,266810
LEAP-base,Hotspot_90pct,1000,10,4,5,266999
LEAP-base,Hotspot_90pct,1000,10,4,6,271394
LEAP-base,Hotspot_90pct,1000,10,8,0,372487
LEAP-base,Hotspot_90pct,1000,10,8,1,378057
LEAP-base,Hotspot_90pct,1000,10,8,2,409631
LEAP-base,Hotspot_90pct,1000,10,8,3,378376
LEAP-base,Hotspot_90pct,1000,10,8,4,399660
LEAP-base,Hotspot_90pct,1000,10,8,5,388700
LEAP-base,Hotspot_90pct,1000,10,8,6,409471
LEAP-base,Hotspot_90pct,1000,10,16,0,660967
LEAP-base,Hotspot_90pct,1000,10,16,1,609365
LEAP-base,Hotspot_90pct,1000,10,16,2,536780
LEAP-base,Hotspot_90pct,1000,10,16,3,504974
LEAP-base,Hotspot_90pct,1000,10,16,4,284370
LEAP-base,Hotspot_90pct,1000,10,16,5,507193
LEAP-base,Hotspot_90pct,1000,10,16,6,594078
LEAP,Hotspot_90pct,1000,10,1,0,85578
LEAP,Hotspot_90pct,1000,10,1,1,81116
LEAP,Hotspot_90pct,1000,10,1,2,84615
LEAP,Hotspot_90pct,1000,10,1,3,80742
LEAP,Hotspot_90pct,1000,10,1,4,80152
LEAP,Hotspot_90pct,1000,10,1,5,78739
LEAP,Hotspot_90pct,1000,10,1,6,83568
LEAP,Hotspot_90pct,1000,10,4,0,271346
LEAP,Hotspot_90pct,1000,10,4,1,278499
LEAP,Hotspot_90pct,1000,10,4,2,272799
LEAP,Hotspot_90pct,1000,10,4,3,271887
LEAP,Hotspot_90pct,1000,10,4,4,275535
LEAP,Hotspot_90pct,1000,10,4,5,272521
LEAP,Hotspot_90pct,1000,10,4,6,274221
LEAP,Hotspot_90pct,1000,10,8,0,420318
LEAP,Hotspot_90pct,1000,10,8,1,404213
LEAP,Hotspot_90pct,1000,10,8,2,403787
LEAP,Hotspot_90pct,1000,10,8,3,415558
LEAP,Hotspot_90pct,1000,10,8,4,413345
LEAP,Hotspot_90pct,1000,10,8,5,418684
LEAP,Hotspot_90pct,1000,10,8,6,410841
LEAP,Hotspot_90pct,1000,10,16,0,570706
LEAP,Hotspot_90pct,1000,10,16,1,555592
LEAP,Hotspot_90pct,1000,10,16,2,491768
LEAP,Hotspot_90pct,1000,10,16,3,346588
LEAP,Hotspot_90pct,1000,10,16,4,649262
LEAP,Hotspot_90pct,1000,10,16,5,626477
LEAP,Hotspot_90pct,1000,10,16,6,590293
LEAP-noDomain,Hotspot_90pct,1000,10,1,0,80576
LEAP-noDomain,Hotspot_90pct,1000,10,1,1,80883
LEAP-noDomain,Hotspot_90pct,1000,10,1,2,80404
LEAP-noDomain,Hotspot_90pct,1000,10,1,3,80449
LEAP-noDomain,Hotspot_90pct,1000,10,1,4,81199
LEAP-noDomain,Hotspot_90pct,1000,10,1,5,85156
LEAP-noDomain,Hotspot_90pct,1000,10,1,6,80699
LEAP-noDomain,Hotspot_90pct,1000,10,4,0,261406
LEAP-noDomain,Hotspot_90pct,1000,10,4,1,267353
LEAP-noDomain,Hotspot_90pct,1000,10,4,2,279171
LEAP-noDomain,Hotspot_90pct,1000,10,4,3,277113
LEAP-noDomain,Hotspot_90pct,1000,10,4,4,277484
LEAP-noDomain,Hotspot_90pct,1000,10,4,5,281611
LEAP-noDomain,Hotspot_90pct,1000,10,4,6,275781
LEAP-noDomain,Hotspot_90pct,1000,10,8,0,421648
LEAP-noDomain,Hotspot_90pct,1000,10,8,1,412188
LEAP-noDomain,Hotspot_90pct,1000,10,8,2,418669
LEAP-noDomain,Hotspot_90pct,1000,10,8,3,426669
LEAP-noDomain,Hotspot_90pct,1000,10,8,4,412006
LEAP-noDomain,Hotspot_90pct,1000,10,8,5,406070
LEAP-noDomain,Hotspot_90pct,1000,10,8,6,413538
LEAP-noDomain,Hotspot_90pct,1000,10,16,0,315955
LEAP-noDomain,Hotspot_90pct,1000,10,16,1,658831
LEAP-noDomain,Hotspot_90pct,1000,10,16,2,449047
LEAP-noDomain,Hotspot_90pct,1000,10,16,3,420708
LEAP-noDomain,Hotspot_90pct,1000,10,16,4,702131
LEAP-noDomain,Hotspot_90pct,1000,10,16,5,609859
LEAP-noDomain,Hotspot_90pct,1000,10,16,6,492959
LEAP-noHotDelta,Hotspot_90pct,1000,10,1,0,83640
LEAP-noHotDelta,Hotspot_90pct,1000,10,1,1,80458
LEAP-noHotDelta,Hotspot_90pct,1000,10,1,2,80795
LEAP-noHotDelta,Hotspot_90pct,1000,10,1,3,80287
LEAP-noHotDelta,Hotspot_90pct,1000,10,1,4,79933
LEAP-noHotDelta,Hotspot_90pct,1000,10,1,5,84789
LEAP-noHotDelta,Hotspot_90pct,1000,10,1,6,80529
LEAP-noHotDelta,Hotspot_90pct,1000,10,4,0,255495
LEAP-noHotDelta,Hotspot_90pct,1000,10,4,1,262384
LEAP-noHotDelta,Hotspot_90pct,1000,10,4,2,280169
LEAP-noHotDelta,Hotspot_90pct,1000,10,4,3,273777
LEAP-noHotDelta,Hotspot_90pct,1000,10,4,4,281685
LEAP-noHotDelta,Hotspot_90pct,1000,10,4,5,275013
LEAP-noHotDelta,Hotspot_90pct,1000,10,4,6,281930
LEAP-noHotDelta,Hotspot_90pct,1000,10,8,0,411172
LEAP-noHotDelta,Hotspot_90pct,1000,10,8,1,417416
LEAP-noHotDelta,Hotspot_90pct,1000,10,8,2,412328
LEAP-noHotDelta,Hotspot_90pct,1000,10,8,3,426929
LEAP-noHotDelta,Hotspot_90pct,1000,10,8,4,412209
LEAP-noHotDelta,Hotspot_90pct,1000,10,8,5,409523
LEAP-noHotDelta,Hotspot_90pct,1000,10,8,6,429166
LEAP-noHotDelta,Hotspot_90pct,1000,10,16,0,619130
LEAP-noHotDelta,Hotspot_90pct,1000,10,16,1,493476
LEAP-noHotDelta,Hotspot_90pct,1000,10,16,2,371313
LEAP-noHotDelta,Hotspot_90pct,1000,10,16,3,648492
LEAP-noHotDelta,Hotspot_90pct,1000,10,16,4,462794
LEAP-noHotDelta,Hotspot_90pct,1000,10,16,5,683651
LEAP-noHotDelta,Hotspot_90pct,1000,10,16,6,552850
LEAP-noBP,Hotspot_90pct,1000,10,1,0,79690
LEAP-noBP,Hotspot_90pct,1000,10,1,1,79703
LEAP-noBP,Hotspot_90pct,1000,10,1,2,79595
LEAP-noBP,Hotspot_90pct,1000,10,1,3,79482
LEAP-noBP,Hotspot_90pct,1000,10,1,4,79399
LEAP-noBP,Hotspot_90pct,1000,10,1,5,79618
LEAP-noBP,Hotspot_90pct,1000,10,1,6,79561
LEAP-noBP,Hotspot_90pct,1000,10,4,0,268574
LEAP-noBP,Hotspot_90pct,1000,10,4,1,276380
LEAP-noBP,Hotspot_90pct,1000,10,4,2,277360
LEAP-noBP,Hotspot_90pct,1000,10,4,3,276010
LEAP-noBP,Hotspot_90pct,1000,10,4,4,279994
LEAP-noBP,Hotspot_90pct,1000,10,4,5,279211
LEAP-noBP,Hotspot_90pct,1000,10,4,6,280744
LEAP-noBP,Hotspot_90pct,1000,10,8,0,421468
LEAP-noBP,Hotspot_90pct,1000,10,8,1,411414
LEAP-noBP,Hotspot_90pct,1000,10,8,2,412964
LEAP-noBP,Hotspot_90pct,1000,10,8,3,403296
LEAP-noBP,Hotspot_90pct,1000,10,8,4,440440
LEAP-noBP,Hotspot_90pct,1000,10,8,5,408084
LEAP-noBP,Hotspot_90pct,1000,10,8,6,421868
LEAP-noBP,Hotspot_90pct,1000,10,16,0,623338
LEAP-noBP,Hotspot_90pct,1000,10,16,1,483357
LEAP-noBP,Hotspot_90pct,1000,10,16,2,572415
LEAP-noBP,Hotspot_90pct,1000,10,16,3,632705
LEAP-noBP,Hotspot_90pct,1000,10,16,4,363274
LEAP-noBP,Hotspot_90pct,1000,10,16,5,647221
LEAP-noBP,Hotspot_90pct,1000,10,16,6,628687
Serial,Uniform,1000,100,1,0,11662
Serial,Uniform,1000,100,1,1,11652
Serial,Uniform,1000,100,1,2,11658
Serial,Uniform,1000,100,1,3,11661
Serial,Uniform,1000,100,1,4,11657
Serial,Uniform,1000,100,1,5,11659
Serial,Uniform,1000,100,1,6,11661
LEAP-base,Uniform,1000,100,1,0,10698
LEAP-base,Uniform,1000,100,1,1,10430
LEAP-base,Uniform,1000,100,1,2,10425
LEAP-base,Uniform,1000,100,1,3,10732
LEAP-base,Uniform,1000,100,1,4,11200
LEAP-base,Uniform,1000,100,1,5,11181
LEAP-base,Uniform,1000,100,1,6,10641
LEAP-base,Uniform,1000,100,2,0,20707
LEAP-base,Uniform,1000,100,2,1,20910
LEAP-base,Uniform,1000,100,2,2,20727
LEAP-base,Uniform,1000,100,2,3,21772
LEAP-base,Uniform,1000,100,2,4,20870
LEAP-base,Uniform,1000,100,2,5,21446
LEAP-base,Uniform,1000,100,2,6,20878
LEAP-base,Uniform,1000,100,4,0,41531
LEAP-base,Uniform,1000,100,4,1,41838
LEAP-base,Uniform,1000,100,4,2,41609
LEAP-base,Uniform,1000,100,4,3,41584
LEAP-base,Uniform,1000,100,4,4,41308
LEAP-base,Uniform,1000,100,4,5,43513
LEAP-base,Uniform,1000,100,4,6,41039
LEAP-base,Uniform,1000,100,8,0,76221
LEAP-base,Uniform,1000,100,8,1,80894
LEAP-base,Uniform,1000,100,8,2,79904
LEAP-base,Uniform,1000,100,8,3,78183
LEAP-base,Uniform,1000,100,8,4,80306
LEAP-base,Uniform,1000,100,8,5,75806
LEAP-base,Uniform,1000,100,8,6,79455
LEAP-base,Uniform,1000,100,16,0,132945
LEAP-base,Uniform,1000,100,16,1,130435
LEAP-base,Uniform,1000,100,16,2,131646
LEAP-base,Uniform,1000,100,16,3,133893
LEAP-base,Uniform,1000,100,16,4,131316
LEAP-base,Uniform,1000,100,16,5,130467
LEAP-base,Uniform,1000,100,16,6,131412
LEAP,Uniform,1000,100,1,0,10432
LEAP,Uniform,1000,100,1,1,11170
LEAP,Uniform,1000,100,1,2,10454
LEAP,Uniform,1000,100,1,3,10457
LEAP,Uniform,1000,100,1,4,10451
LEAP,Uniform,1000,100,1,5,10448
LEAP,Uniform,1000,100,1,6,10457
LEAP,Uniform,1000,100,2,0,20859
LEAP,Uniform,1000,100,2,1,21025
LEAP,Uniform,1000,100,2,2,20778
LEAP,Uniform,1000,100,2,3,21709
LEAP,Uniform,1000,100,2,4,20736
LEAP,Uniform,1000,100,2,5,21447
LEAP,Uniform,1000,100,2,6,20715
LEAP,Uniform,1000,100,4,0,42710
LEAP,Uniform,1000,100,4,1,41299
LEAP,Uniform,1000,100,4,2,42487
LEAP,Uniform,1000,100,4,3,42810
LEAP,Uniform,1000,100,4,4,42082
LEAP,Uniform,1000,100,4,5,41399
LEAP,Uniform,1000,100,4,6,42848
LEAP,Uniform,1000,100,8,0,79492
LEAP,Uniform,1000,100,8,1,73461
LEAP,Uniform,1000,100,8,2,75316
LEAP,Uniform,1000,100,8,3,78910
LEAP,Uniform,1000,100,8,4,79536
LEAP,Uniform,1000,100,8,5,78347
LEAP,Uniform,1000,100,8,6,77982
LEAP,Uniform,1000,100,16,0,133842
LEAP,Uniform,1000,100,16,1,134733
LEAP,Uniform,1000,100,16,2,132041
LEAP,Uniform,1000,100,16,3,133051
LEAP,Uniform,1000,100,16,4,133612
LEAP,Uniform,1000,100,16,5,133757
LEAP,Uniform,1000,100,16,6,135656
Serial,Zipf_0.8,1000,100,1,0,11658
Serial,Zipf_0.8,1000,100,1,1,11660
Serial,Zipf_0.8,1000,100,1,2,11660
Serial,Zipf_0.8,1000,100,1,3,11657
Serial,Zipf_0.8,1000,100,1,4,11660
Serial,Zipf_0.8,1000,100,1,5,11659
Serial,Zipf_0.8,1000,100,1,6,11661
LEAP-base,Zipf_0.8,1000,100,1,0,10474
LEAP-base,Zipf_0.8,1000,100,1,1,10470
LEAP-base,Zipf_0.8,1000,100,1,2,10531
LEAP-base,Zipf_0.8,1000,100,1,3,11174
LEAP-base,Zipf_0.8,1000,100,1,4,10469
LEAP-base,Zipf_0.8,1000,100,1,5,11235
LEAP-base,Zipf_0.8,1000,100,1,6,10470
LEAP-base,Zipf_0.8,1000,100,2,0,20780
LEAP-base,Zipf_0.8,1000,100,2,1,20773
LEAP-base,Zipf_0.8,1000,100,2,2,20801
LEAP-base,Zipf_0.8,1000,100,2,3,21514
LEAP-base,Zipf_0.8,1000,100,2,4,20770
LEAP-base,Zipf_0.8,1000,100,2,5,20856
LEAP-base,Zipf_0.8,1000,100,2,6,21785
LEAP-base,Zipf_0.8,1000,100,4,0,42491
LEAP-base,Zipf_0.8,1000,100,4,1,43096
LEAP-base,Zipf_0.8,1000,100,4,2,41686
LEAP-base,Zipf_0.8,1000,100,4,3,41971
LEAP-base,Zipf_0.8,1000,100,4,4,42758
LEAP-base,Zipf_0.8,1000,100,4,5,42792
LEAP-base,Zipf_0.8,1000,100,4,6,42262
LEAP-base,Zipf_0.8,1000,100,8,0,80706
LEAP-base,Zipf_0.8,1000,100,8,1,81412
LEAP-base,Zipf_0.8,1000,100,8,2,78339
LEAP-base,Zipf_0.8,1000,100,8,3,79701
LEAP-base,Zipf_0.8,1000,100,8,4,75207
LEAP-base,Zipf_0.8,1000,100,8,5,81983
LEAP-base,Zipf_0.8,1000,100,8,6,81677
LEAP-base,Zipf_0.8,1000,100,16,0,129209
LEAP-base,Zipf_0.8,1000,100,16,1,133132
LEAP-base,Zipf_0.8,1000,100,16,2,132072
LEAP-base,Zipf_0.8,1000,100,16,3,133219
LEAP-base,Zipf_0.8,1000,100,16,4,130242
LEAP-base,Zipf_0.8,1000,100,16,5,132578
LEAP-base,Zipf_0.8,1000,100,16,6,131987
LEAP,Zipf_0.8,1000,100,1,0,10806
LEAP,Zipf_0.8,1000,100,1,1,11149
LEAP,Zipf_0.8,1000,100,1,2,10416
LEAP,Zipf_0.8,1000,100,1,3,10405
LEAP,Zipf_0.8,1000,100,1,4,10426
LEAP,Zipf_0.8,1000,100,1,5,10416
LEAP,Zipf_0.8,1000,100,1,6,10450
LEAP,Zipf_0.8,1000,100,2,0,21068
LEAP,Zipf_0.8,1000,100,2,1,21541
LEAP,Zipf_0.8,1000,100,2,2,20818
LEAP,Zipf_0.8,1000,100,2,3,21657
LEAP,Zipf_0.8,1000,100,2,4,20895
LEAP,Zipf_0.8,1000,100,2,5,22011
LEAP,Zipf_0.8,1000,100,2,6,20821
LEAP,Zipf_0.8,1000,100,4,0,41164
LEAP,Zipf_0.8,1000,100,4,1,42408
LEAP,Zipf_0.8,1000,100,4,2,41156
LEAP,Zipf_0.8,1000,100,4,3,42002
LEAP,Zipf_0.8,1000,100,4,4,41813
LEAP,Zipf_0.8,1000,100,4,5,42747
LEAP,Zipf_0.8,1000,100,4,6,41338
LEAP,Zipf_0.8,1000,100,8,0,81162
LEAP,Zipf_0.8,1000,100,8,1,78872
LEAP,Zipf_0.8,1000,100,8,2,78994
LEAP,Zipf_0.8,1000,100,8,3,78911
LEAP,Zipf_0.8,1000,100,8,4,79120
LEAP,Zipf_0.8,1000,100,8,5,82183
LEAP,Zipf_0.8,1000,100,8,6,77560
LEAP,Zipf_0.8,1000,100,16,0,136999
LEAP,Zipf_0.8,1000,100,16,1,126800
LEAP,Zipf_0.8,1000,100,16,2,134381
LEAP,Zipf_0.8,1000,100,16,3,135314
LEAP,Zipf_0.8,1000,100,16,4,133733
LEAP,Zipf_0.8,1000,100,16,5,134526
LEAP,Zipf_0.8,1000,100,16,6,117529
Serial,Zipf_1.2,1000,100,1,0,11656
Serial,Zipf_1.2,1000,100,1,1,11653
Serial,Zipf_1.2,1000,100,1,2,11657
Serial,Zipf_1.2,1000,100,1,3,11655
Serial,Zipf_1.2,1000,100,1,4,11659
Serial,Zipf_1.2,1000,100,1,5,11661
Serial,Zipf_1.2,1000,100,1,6,11654
LEAP-base,Zipf_1.2,1000,100,1,0,10460
LEAP-base,Zipf_1.2,1000,100,1,1,10460
LEAP-base,Zipf_1.2,1000,100,1,2,10459
LEAP-base,Zipf_1.2,1000,100,1,3,10510
LEAP-base,Zipf_1.2,1000,100,1,4,10689
LEAP-base,Zipf_1.2,1000,100,1,5,10738
LEAP-base,Zipf_1.2,1000,100,1,6,10589
LEAP-base,Zipf_1.2,1000,100,2,0,20682
LEAP-base,Zipf_1.2,1000,100,2,1,20849
LEAP-base,Zipf_1.2,1000,100,2,2,20725
LEAP-base,Zipf_1.2,1000,100,2,3,21401
LEAP-base,Zipf_1.2,1000,100,2,4,20717
LEAP-base,Zipf_1.2,1000,100,2,5,20930
LEAP-base,Zipf_1.2,1000,100,2,6,21477
LEAP-base,Zipf_1.2,1000,100,4,0,42710
LEAP-base,Zipf_1.2,1000,100,4,1,41900
LEAP-base,Zipf_1.2,1000,100,4,2,40920
LEAP-base,Zipf_1.2,1000,100,4,3,42043
LEAP-base,Zipf_1.2,1000,100,4,4,41137
LEAP-base,Zipf_1.2,1000,100,4,5,42359
LEAP-base,Zipf_1.2,1000,100,4,6,41297
LEAP-base,Zipf_1.2,1000,100,8,0,78038
LEAP-base,Zipf_1.2,1000,100,8,1,80401
LEAP-base,Zipf_1.2,1000,100,8,2,79942
LEAP-base,Zipf_1.2,1000,100,8,3,78951
LEAP-base,Zipf_1.2,1000,100,8,4,80018
LEAP-base,Zipf_1.2,1000,100,8,5,76119
LEAP-base,Zipf_1.2,1000,100,8,6,78210
LEAP-base,Zipf_1.2,1000,100,16,0,134939
LEAP-base,Zipf_1.2,1000,100,16,1,133187
LEAP-base,Zipf_1.2,1000,100,16,2,131467
LEAP-base,Zipf_1.2,1000,100,16,3,126296
LEAP-base,Zipf_1.2,1000,100,16,4,128165
LEAP-base,Zipf_1.2,1000,100,16,5,135176
LEAP-base,Zipf_1.2,1000,100,16,6,132134
LEAP,Zipf_1.2,1000,100,1,0,11202
LEAP,Zipf_1.2,1000,100,1,1,11066
LEAP,Zipf_1.2,1000,100,1,2,11130
LEAP,Zipf_1.2,1000,100,1,3,11023
LEAP,Zipf_1.2,1000,100,1,4,11084
LEAP,Zipf_1.2,1000,100,1,5,11127
LEAP,Zipf_1.2,1000,100,1,6,11058
LEAP,Zipf_1.2,1000,100,2,0,21179
LEAP,Zipf_1.2,1000,100,2,1,22031
LEAP,Zipf_1.2,1000,100,2,2,21359
LEAP,Zipf_1.2,1000,100,2,3,22112
LEAP,Zipf_1.2,1000,100,2,4,22188
LEAP,Zipf_1.2,1000,100,2,5,22003
LEAP,Zipf_1.2,1000,100,2,6,22100
LEAP,Zipf_1.2,1000,100,4,0,42045
LEAP,Zipf_1.2,1000,100,4,1,41534
LEAP,Zipf_1.2,1000,100,4,2,42255
LEAP,Zipf_1.2,1000,100,4,3,42828
LEAP,Zipf_1.2,1000,100,4,4,44227
LEAP,Zipf_1.2,1000,100,4,5,42705
LEAP,Zipf_1.2,1000,100,4,6,42532
LEAP,Zipf_1.2,1000,100,8,0,79877
LEAP,Zipf_1.2,1000,100,8,1,78903
LEAP,Zipf_1.2,1000,100,8,2,78506
LEAP,Zipf_1.2,1000,100,8,3,82006
LEAP,Zipf_1.2,1000,100,8,4,80684
LEAP,Zipf_1.2,1000,100,8,5,83292
LEAP,Zipf_1.2,1000,100,8,6,81164
LEAP,Zipf_1.2,1000,100,16,0,135669
LEAP,Zipf_1.2,1000,100,16,1,133243
LEAP,Zipf_1.2,1000,100,16,2,136105
LEAP,Zipf_1.2,1000,100,16,3,136275
LEAP,Zipf_1.2,1000,100,16,4,134973
LEAP,Zipf_1.2,1000,100,16,5,137533
LEAP,Zipf_1.2,1000,100,16,6,124979
Serial,Hotspot_50pct,1000,100,1,0,11625
Serial,Hotspot_50pct,1000,100,1,1,11630
Serial,Hotspot_50pct,1000,100,1,2,11605
Serial,Hotspot_50pct,1000,100,1,3,11627
Serial,Hotspot_50pct,1000,100,1,4,11622
Serial,Hotspot_50pct,1000,100,1,5,11602
Serial,Hotspot_50pct,1000,100,1,6,11631
LEAP-base,Hotspot_50pct,1000,100,1,0,10470
LEAP-base,Hotspot_50pct,1000,100,1,1,11140
LEAP-base,Hotspot_50pct,1000,100,1,2,11165
LEAP-base,Hotspot_50pct,1000,100,1,3,10806
LEAP-base,Hotspot_50pct,1000,100,1,4,10467
LEAP-base,Hotspot_50pct,1000,100,1,5,10468
LEAP-base,Hotspot_50pct,1000,100,1,6,10466
LEAP-base,Hotspot_50pct,1000,100,2,0,20800
LEAP-base,Hotspot_50pct,1000,100,2,1,21590
LEAP-base,Hotspot_50pct,1000,100,2,2,20766
LEAP-base,Hotspot_50pct,1000,100,2,3,21449
LEAP-base,Hotspot_50pct,1000,100,2,4,21456
LEAP-base,Hotspot_50pct,1000,100,2,5,20753
LEAP-base,Hotspot_50pct,1000,100,2,6,21320
LEAP-base,Hotspot_50pct,1000,100,4,0,42504
LEAP-base,Hotspot_50pct,1000,100,4,1,40980
LEAP-base,Hotspot_50pct,1000,100,4,2,42069
LEAP-base,Hotspot_50pct,1000,100,4,3,42108
LEAP-base,Hotspot_50pct,1000,100,4,4,43550
LEAP-base,Hotspot_50pct,1000,100,4,5,42745
LEAP-base,Hotspot_50pct,1000,100,4,6,42655
LEAP-base,Hotspot_50pct,1000,100,8,0,78409
LEAP-base,Hotspot_50pct,1000,100,8,1,80769
LEAP-base,Hotspot_50pct,1000,100,8,2,78776
LEAP-base,Hotspot_50pct,1000,100,8,3,75513
LEAP-base,Hotspot_50pct,1000,100,8,4,82262
LEAP-base,Hotspot_50pct,1000,100,8,5,78985
LEAP-base,Hotspot_50pct,1000,100,8,6,76416
LEAP-base,Hotspot_50pct,1000,100,16,0,130799
LEAP-base,Hotspot_50pct,1000,100,16,1,132699
LEAP-base,Hotspot_50pct,1000,100,16,2,131605
LEAP-base,Hotspot_50pct,1000,100,16,3,131329
LEAP-base,Hotspot_50pct,1000,100,16,4,132733
LEAP-base,Hotspot_50pct,1000,100,16,5,131820
LEAP-base,Hotspot_50pct,1000,100,16,6,130861
LEAP,Hotspot_50pct,1000,100,1,0,10467
LEAP,Hotspot_50pct,1000,100,1,1,11227
LEAP,Hotspot_50pct,1000,100,1,2,10463
LEAP,Hotspot_50pct,1000,100,1,3,10468
LEAP,Hotspot_50pct,1000,100,1,4,10465
LEAP,Hotspot_50pct,1000,100,1,5,11216
LEAP,Hotspot_50pct,1000,100,1,6,10468
LEAP,Hotspot_50pct,1000,100,2,0,21332
LEAP,Hotspot_50pct,1000,100,2,1,21514
LEAP,Hotspot_50pct,1000,100,2,2,20749
LEAP,Hotspot_50pct,1000,100,2,3,21498
LEAP,Hotspot_50pct,1000,100,2,4,20936
LEAP,Hotspot_50pct,1000,100,2,5,22273
LEAP,Hotspot_50pct,1000,100,2,6,22275
LEAP,Hotspot_50pct,1000,100,4,0,41241
LEAP,Hotspot_50pct,1000,100,4,1,42090
LEAP,Hotspot_50pct,1000,100,4,2,41827
LEAP,Hotspot_50pct,1000,100,4,3,42097
LEAP,Hotspot_50pct,1000,100,4,4,41364
LEAP,Hotspot_50pct,1000,100,4,5,41951
LEAP,Hotspot_50pct,1000,100,4,6,42093
LEAP,Hotspot_50pct,1000,100,8,0,80629
LEAP,Hotspot_50pct,1000,100,8,1,79513
LEAP,Hotspot_50pct,1000,100,8,2,80134
LEAP,Hotspot_50pct,1000,100,8,3,78965
LEAP,Hotspot_50pct,1000,100,8,4,77504
LEAP,Hotspot_50pct,1000,100,8,5,78530
LEAP,Hotspot_50pct,1000,100,8,6,78916
LEAP,Hotspot_50pct,1000,100,16,0,122350
LEAP,Hotspot_50pct,1000,100,16,1,133229
LEAP,Hotspot_50pct,1000,100,16,2,125517
LEAP,Hotspot_50pct,1000,100,16,3,131730
LEAP,Hotspot_50pct,1000,100,16,4,132353
LEAP,Hotspot_50pct,1000,100,16,5,133117
LEAP,Hotspot_50pct,1000,100,16,6,135485
Serial,Hotspot_90pct,1000,100,1,0,11656
Serial,Hotspot_90pct,1000,100,1,1,11656
Serial,Hotspot_90pct,1000,100,1,2,11656
Serial,Hotspot_90pct,1000,100,1,3,11654
Serial,Hotspot_90pct,1000,100,1,4,11658
Serial,Hotspot_90pct,1000,100,1,5,11664
Serial,Hotspot_90pct,1000,100,1,6,11659
LEAP-base,Hotspot_90pct,1000,100,1,0,11161
LEAP-base,Hotspot_90pct,1000,100,1,1,11073
LEAP-base,Hotspot_90pct,1000,100,1,2,10995
LEAP-base,Hotspot_90pct,1000,100,1,3,10911
LEAP-base,Hotspot_90pct,1000,100,1,4,11161
LEAP-base,Hotspot_90pct,1000,100,1,5,11005
LEAP-base,Hotspot_90pct,1000,100,1,6,11081
LEAP-base,Hotspot_90pct,1000,100,2,0,21208
LEAP-base,Hotspot_90pct,1000,100,2,1,21272
LEAP-base,Hotspot_90pct,1000,100,2,2,21388
LEAP-base,Hotspot_90pct,1000,100,2,3,21996
LEAP-base,Hotspot_90pct,1000,100,2,4,21308
LEAP-base,Hotspot_90pct,1000,100,2,5,21372
LEAP-base,Hotspot_90pct,1000,100,2,6,21621
LEAP-base,Hotspot_90pct,1000,100,4,0,42013
LEAP-base,Hotspot_90pct,1000,100,4,1,41428
LEAP-base,Hotspot_90pct,1000,100,4,2,41680
LEAP-base,Hotspot_90pct,1000,100,4,3,42372
LEAP-base,Hotspot_90pct,1000,100,4,4,42623
LEAP-base,Hotspot_90pct,1000,100,4,5,42565
LEAP-base,Hotspot_90pct,1000,100,4,6,41884
LEAP-base,Hotspot_90pct,1000,100,8,0,76638
LEAP-base,Hotspot_90pct,1000,100,8,1,74939
LEAP-base,Hotspot_90pct,1000,100,8,2,82855
LEAP-base,Hotspot_90pct,1000,100,8,3,81135
LEAP-base,Hotspot_90pct,1000,100,8,4,80141
LEAP-base,Hotspot_90pct,1000,100,8,5,81391
LEAP-base,Hotspot_90pct,1000,100,8,6,81278
LEAP-base,Hotspot_90pct,1000,100,16,0,134676
LEAP-base,Hotspot_90pct,1000,100,16,1,133063
LEAP-base,Hotspot_90pct,1000,100,16,2,130165
LEAP-base,Hotspot_90pct,1000,100,16,3,131850
LEAP-base,Hotspot_90pct,1000,100,16,4,133108
LEAP-base,Hotspot_90pct,1000,100,16,5,131262
LEAP-base,Hotspot_90pct,1000,100,16,6,129555
LEAP,Hotspot_90pct,1000,100,1,0,10459
LEAP,Hotspot_90pct,1000,100,1,1,10605
LEAP,Hotspot_90pct,1000,100,1,2,11029
LEAP,Hotspot_90pct,1000,100,1,3,10460
LEAP,Hotspot_90pct,1000,100,1,4,10452
LEAP,Hotspot_90pct,1000,100,1,5,10440
LEAP,Hotspot_90pct,1000,100,1,6,11211
LEAP,Hotspot_90pct,1000,100,2,0,20757
LEAP,Hotspot_90pct,1000,100,2,1,21513
LEAP,Hotspot_90pct,1000,100,2,2,22219
LEAP,Hotspot_90pct,1000,100,2,3,21496
LEAP,Hotspot_90pct,1000,100,2,4,20786
LEAP,Hotspot_90pct,1000,100,2,5,22115
LEAP,Hotspot_90pct,1000,100,2,6,22210
LEAP,Hotspot_90pct,1000,100,4,0,43422
LEAP,Hotspot_90pct,1000,100,4,1,42302
LEAP,Hotspot_90pct,1000,100,4,2,41593
LEAP,Hotspot_90pct,1000,100,4,3,41250
LEAP,Hotspot_90pct,1000,100,4,4,41451
LEAP,Hotspot_90pct,1000,100,4,5,41727
LEAP,Hotspot_90pct,1000,100,4,6,42545
LEAP,Hotspot_90pct,1000,100,8,0,81801
LEAP,Hotspot_90pct,1000,100,8,1,80498
LEAP,Hotspot_90pct,1000,100,8,2,80830
LEAP,Hotspot_90pct,1000,100,8,3,75437
LEAP,Hotspot_90pct,1000,100,8,4,76229
LEAP,Hotspot_90pct,1000,100,8,5,75473
LEAP,Hotspot_90pct,1000,100,8,6,84838
LEAP,Hotspot_90pct,1000,100,16,0,130281
LEAP,Hotspot_90pct,1000,100,16,1,130576
LEAP,Hotspot_90pct,1000,100,16,2,133561
LEAP,Hotspot_90pct,1000,100,16,3,122925
LEAP,Hotspot_90pct,1000,100,16,4,132286
LEAP,Hotspot_90pct,1000,100,16,5,132333
LEAP,Hotspot_90pct,1000,100,16,6,133696
