engine,scenario,accounts,threads,run,tps
Serial,Uniform,2,1,0,4989
Serial,Uniform,2,1,1,4992
Serial,Uniform,2,1,2,4992
LEAP-base,Uniform,2,4,0,9424
LEAP-concat,Uniform,2,4,0,9480
LEAP-interleave,Uniform,2,4,0,9421
LEAP-base,Uniform,2,4,1,9447
LEAP-concat,Uniform,2,4,1,9500
LEAP-interleave,Uniform,2,4,1,9527
LEAP-base,Uniform,2,4,2,9414
LEAP-concat,Uniform,2,4,2,9337
LEAP-interleave,Uniform,2,4,2,9463
LEAP-base,Uniform,2,8,0,12080
LEAP-concat,Uniform,2,8,0,11166
LEAP-interleave,Uniform,2,8,0,11308
LEAP-base,Uniform,2,8,1,11660
LEAP-concat,Uniform,2,8,1,11464
LEAP-interleave,Uniform,2,8,1,11274
LEAP-base,Uniform,2,8,2,11609
LEAP-concat,Uniform,2,8,2,11505
LEAP-interleave,Uniform,2,8,2,10842
LEAP-base,Uniform,2,16,0,4768
LEAP-concat,Uniform,2,16,0,4790
LEAP-interleave,Uniform,2,16,0,4782
LEAP-base,Uniform,2,16,1,4853
LEAP-concat,Uniform,2,16,1,4743
LEAP-interleave,Uniform,2,16,1,4768
LEAP-base,Uniform,2,16,2,4841
LEAP-concat,Uniform,2,16,2,4815
LEAP-interleave,Uniform,2,16,2,4790
Serial,Uniform,10,1,0,4993
Serial,Uniform,10,1,1,4992
Serial,Uniform,10,1,2,4994
LEAP-base,Uniform,10,4,0,18040
LEAP-concat,Uniform,10,4,0,17948
LEAP-interleave,Uniform,10,4,0,18160
LEAP-base,Uniform,10,4,1,17455
LEAP-concat,Uniform,10,4,1,17692
LEAP-interleave,Uniform,10,4,1,17796
LEAP-base,Uniform,10,4,2,17937
LEAP-concat,Uniform,10,4,2,17507
LEAP-interleave,Uniform,10,4,2,17584
LEAP-base,Uniform,10,8,0,12292
LEAP-concat,Uniform,10,8,0,12068
LEAP-interleave,Uniform,10,8,0,12131
LEAP-base,Uniform,10,8,1,12133
LEAP-concat,Uniform,10,8,1,11853
LEAP-interleave,Uniform,10,8,1,12030
LEAP-base,Uniform,10,8,2,12228
LEAP-concat,Uniform,10,8,2,12381
LEAP-interleave,Uniform,10,8,2,12313
LEAP-base,Uniform,10,16,0,10451
LEAP-concat,Uniform,10,16,0,10237
LEAP-interleave,Uniform,10,16,0,10392
LEAP-base,Uniform,10,16,1,10230
LEAP-concat,Uniform,10,16,1,10337
LEAP-interleave,Uniform,10,16,1,10309
LEAP-base,Uniform,10,16,2,10338
LEAP-concat,Uniform,10,16,2,10043
LEAP-interleave,Uniform,10,16,2,10398
Serial,Uniform,100,1,0,4991
Serial,Uniform,100,1,1,4991
Serial,Uniform,100,1,2,4989
LEAP-base,Uniform,100,4,0,19097
LEAP-concat,Uniform,100,4,0,19020
LEAP-interleave,Uniform,100,4,0,19107
LEAP-base,Uniform,100,4,1,19093
LEAP-concat,Uniform,100,4,1,19134
LEAP-interleave,Uniform,100,4,1,19121
LEAP-base,Uniform,100,4,2,19087
LEAP-concat,Uniform,100,4,2,19142
LEAP-interleave,Uniform,100,4,2,19095
LEAP-base,Uniform,100,8,0,37073
LEAP-concat,Uniform,100,8,0,36371
LEAP-interleave,Uniform,100,8,0,36874
LEAP-base,Uniform,100,8,1,36330
LEAP-concat,Uniform,100,8,1,36620
LEAP-interleave,Uniform,100,8,1,36883
LEAP-base,Uniform,100,8,2,36835
LEAP-concat,Uniform,100,8,2,37104
LEAP-interleave,Uniform,100,8,2,36908
LEAP-base,Uniform,100,16,0,54912
LEAP-concat,Uniform,100,16,0,55870
LEAP-interleave,Uniform,100,16,0,55890
LEAP-base,Uniform,100,16,1,54718
LEAP-concat,Uniform,100,16,1,55070
LEAP-interleave,Uniform,100,16,1,55885
LEAP-base,Uniform,100,16,2,54278
LEAP-concat,Uniform,100,16,2,53393
LEAP-interleave,Uniform,100,16,2,57057
Serial,Uniform,1000,1,0,4993
Serial,Uniform,1000,1,1,4994
Serial,Uniform,1000,1,2,4993
LEAP-base,Uniform,1000,4,0,19144
LEAP-concat,Uniform,1000,4,0,19076
LEAP-interleave,Uniform,1000,4,0,19000
LEAP-base,Uniform,1000,4,1,19074
LEAP-concat,Uniform,1000,4,1,19140
LEAP-interleave,Uniform,1000,4,1,19147
LEAP-base,Uniform,1000,4,2,19111
LEAP-concat,Uniform,1000,4,2,19024
LEAP-interleave,Uniform,1000,4,2,18965
LEAP-base,Uniform,1000,8,0,37262
LEAP-concat,Uniform,1000,8,0,37296
LEAP-interleave,Uniform,1000,8,0,36862
LEAP-base,Uniform,1000,8,1,36875
LEAP-concat,Uniform,1000,8,1,37709
LEAP-interleave,Uniform,1000,8,1,36351
LEAP-base,Uniform,1000,8,2,36554
LEAP-concat,Uniform,1000,8,2,36506
LEAP-interleave,Uniform,1000,8,2,37353
LEAP-base,Uniform,1000,16,0,61882
LEAP-concat,Uniform,1000,16,0,62847
LEAP-interleave,Uniform,1000,16,0,62612
LEAP-base,Uniform,1000,16,1,62134
LEAP-concat,Uniform,1000,16,1,63206
LEAP-interleave,Uniform,1000,16,1,62035
LEAP-base,Uniform,1000,16,2,62716
LEAP-concat,Uniform,1000,16,2,62464
LEAP-interleave,Uniform,1000,16,2,61329
Serial,Uniform,10000,1,0,4996
Serial,Uniform,10000,1,1,4994
Serial,Uniform,10000,1,2,4993
LEAP-base,Uniform,10000,4,0,18983
LEAP-concat,Uniform,10000,4,0,18776
LEAP-interleave,Uniform,10000,4,0,19099
LEAP-base,Uniform,10000,4,1,19023
LEAP-concat,Uniform,10000,4,1,18942
LEAP-interleave,Uniform,10000,4,1,19081
LEAP-base,Uniform,10000,4,2,19055
LEAP-concat,Uniform,10000,4,2,18847
LEAP-interleave,Uniform,10000,4,2,19132
LEAP-base,Uniform,10000,8,0,36681
LEAP-concat,Uniform,10000,8,0,36877
LEAP-interleave,Uniform,10000,8,0,36900
LEAP-base,Uniform,10000,8,1,37148
LEAP-concat,Uniform,10000,8,1,36549
LEAP-interleave,Uniform,10000,8,1,37066
LEAP-base,Uniform,10000,8,2,35830
LEAP-concat,Uniform,10000,8,2,37556
LEAP-interleave,Uniform,10000,8,2,36601
LEAP-base,Uniform,10000,16,0,62527
LEAP-concat,Uniform,10000,16,0,62983
LEAP-interleave,Uniform,10000,16,0,62951
LEAP-base,Uniform,10000,16,1,63583
LEAP-concat,Uniform,10000,16,1,62578
LEAP-interleave,Uniform,10000,16,1,62011
LEAP-base,Uniform,10000,16,2,60298
LEAP-concat,Uniform,10000,16,2,62499
LEAP-interleave,Uniform,10000,16,2,61804
Serial,Hotspot10,2,1,0,4994
Serial,Hotspot10,2,1,1,4993
Serial,Hotspot10,2,1,2,4992
LEAP-base,Hotspot10,2,4,0,9405
LEAP-concat,Hotspot10,2,4,0,9317
LEAP-interleave,Hotspot10,2,4,0,9461
LEAP-base,Hotspot10,2,4,1,9453
LEAP-concat,Hotspot10,2,4,1,9509
LEAP-interleave,Hotspot10,2,4,1,9460
LEAP-base,Hotspot10,2,4,2,9447
LEAP-concat,Hotspot10,2,4,2,9504
LEAP-interleave,Hotspot10,2,4,2,9431
LEAP-base,Hotspot10,2,8,0,11277
LEAP-concat,Hotspot10,2,8,0,12673
LEAP-interleave,Hotspot10,2,8,0,11877
LEAP-base,Hotspot10,2,8,1,11942
LEAP-concat,Hotspot10,2,8,1,11943
LEAP-interleave,Hotspot10,2,8,1,11547
LEAP-base,Hotspot10,2,8,2,11572
LEAP-concat,Hotspot10,2,8,2,11994
LEAP-interleave,Hotspot10,2,8,2,12298
LEAP-base,Hotspot10,2,16,0,4852
LEAP-concat,Hotspot10,2,16,0,4785
LEAP-interleave,Hotspot10,2,16,0,4898
LEAP-base,Hotspot10,2,16,1,4828
LEAP-concat,Hotspot10,2,16,1,4816
LEAP-interleave,Hotspot10,2,16,1,4801
LEAP-base,Hotspot10,2,16,2,4795
LEAP-concat,Hotspot10,2,16,2,4756
LEAP-interleave,Hotspot10,2,16,2,4840
Serial,Hotspot10,10,1,0,4992
Serial,Hotspot10,10,1,1,4993
Serial,Hotspot10,10,1,2,4991
LEAP-base,Hotspot10,10,4,0,17931
LEAP-concat,Hotspot10,10,4,0,17112
LEAP-interleave,Hotspot10,10,4,0,17329
LEAP-base,Hotspot10,10,4,1,17818
LEAP-concat,Hotspot10,10,4,1,17803
LEAP-interleave,Hotspot10,10,4,1,17789
LEAP-base,Hotspot10,10,4,2,17635
LEAP-concat,Hotspot10,10,4,2,18169
LEAP-interleave,Hotspot10,10,4,2,17451
LEAP-base,Hotspot10,10,8,0,11962
LEAP-concat,Hotspot10,10,8,0,11962
LEAP-interleave,Hotspot10,10,8,0,12005
LEAP-base,Hotspot10,10,8,1,12522
LEAP-concat,Hotspot10,10,8,1,12305
LEAP-interleave,Hotspot10,10,8,1,12178
LEAP-base,Hotspot10,10,8,2,12051
LEAP-concat,Hotspot10,10,8,2,12140
LEAP-interleave,Hotspot10,10,8,2,12103
LEAP-base,Hotspot10,10,16,0,10107
LEAP-concat,Hotspot10,10,16,0,10237
LEAP-interleave,Hotspot10,10,16,0,10103
LEAP-base,Hotspot10,10,16,1,10455
LEAP-concat,Hotspot10,10,16,1,10651
LEAP-interleave,Hotspot10,10,16,1,10301
LEAP-base,Hotspot10,10,16,2,10213
LEAP-concat,Hotspot10,10,16,2,10053
LEAP-interleave,Hotspot10,10,16,2,10252
Serial,Hotspot10,100,1,0,4990
Serial,Hotspot10,100,1,1,4992
Serial,Hotspot10,100,1,2,4992
LEAP-base,Hotspot10,100,4,0,19113
LEAP-concat,Hotspot10,100,4,0,19139
LEAP-interleave,Hotspot10,100,4,0,18991
LEAP-base,Hotspot10,100,4,1,19011
LEAP-concat,Hotspot10,100,4,1,19134
LEAP-interleave,Hotspot10,100,4,1,19094
LEAP-base,Hotspot10,100,4,2,19024
LEAP-concat,Hotspot10,100,4,2,19114
LEAP-interleave,Hotspot10,100,4,2,19013
LEAP-base,Hotspot10,100,8,0,37021
LEAP-concat,Hotspot10,100,8,0,36056
LEAP-interleave,Hotspot10,100,8,0,35639
LEAP-base,Hotspot10,100,8,1,36579
LEAP-concat,Hotspot10,100,8,1,35859
LEAP-interleave,Hotspot10,100,8,1,36133
LEAP-base,Hotspot10,100,8,2,35819
LEAP-concat,Hotspot10,100,8,2,35975
LEAP-interleave,Hotspot10,100,8,2,35272
LEAP-base,Hotspot10,100,16,0,42690
LEAP-concat,Hotspot10,100,16,0,44570
LEAP-interleave,Hotspot10,100,16,0,43025
LEAP-base,Hotspot10,100,16,1,43595
LEAP-concat,Hotspot10,100,16,1,43666
LEAP-interleave,Hotspot10,100,16,1,44928
LEAP-base,Hotspot10,100,16,2,45514
LEAP-concat,Hotspot10,100,16,2,44071
LEAP-interleave,Hotspot10,100,16,2,44245
Serial,Hotspot10,1000,1,0,4996
Serial,Hotspot10,1000,1,1,4994
Serial,Hotspot10,1000,1,2,4993
LEAP-base,Hotspot10,1000,4,0,19147
LEAP-concat,Hotspot10,1000,4,0,19062
LEAP-interleave,Hotspot10,1000,4,0,19082
LEAP-base,Hotspot10,1000,4,1,19078
LEAP-concat,Hotspot10,1000,4,1,19105
LEAP-interleave,Hotspot10,1000,4,1,19149
LEAP-base,Hotspot10,1000,4,2,19100
LEAP-concat,Hotspot10,1000,4,2,19109
LEAP-interleave,Hotspot10,1000,4,2,19121
LEAP-base,Hotspot10,1000,8,0,37071
LEAP-concat,Hotspot10,1000,8,0,37056
LEAP-interleave,Hotspot10,1000,8,0,37228
LEAP-base,Hotspot10,1000,8,1,37112
LEAP-concat,Hotspot10,1000,8,1,36582
LEAP-interleave,Hotspot10,1000,8,1,36952
LEAP-base,Hotspot10,1000,8,2,36965
LEAP-concat,Hotspot10,1000,8,2,37197
LEAP-interleave,Hotspot10,1000,8,2,36619
LEAP-base,Hotspot10,1000,16,0,57868
LEAP-concat,Hotspot10,1000,16,0,59362
LEAP-interleave,Hotspot10,1000,16,0,51852
LEAP-base,Hotspot10,1000,16,1,59168
LEAP-concat,Hotspot10,1000,16,1,53958
LEAP-interleave,Hotspot10,1000,16,1,54952
LEAP-base,Hotspot10,1000,16,2,56051
LEAP-concat,Hotspot10,1000,16,2,57855
LEAP-interleave,Hotspot10,1000,16,2,52454
Serial,Hotspot10,10000,1,0,4993
Serial,Hotspot10,10000,1,1,4995
Serial,Hotspot10,10000,1,2,4994
LEAP-base,Hotspot10,10000,4,0,18982
LEAP-concat,Hotspot10,10000,4,0,18626
LEAP-interleave,Hotspot10,10000,4,0,19075
LEAP-base,Hotspot10,10000,4,1,19012
LEAP-concat,Hotspot10,10000,4,1,18961
LEAP-interleave,Hotspot10,10000,4,1,18950
LEAP-base,Hotspot10,10000,4,2,19025
LEAP-concat,Hotspot10,10000,4,2,18839
LEAP-interleave,Hotspot10,10000,4,2,19115
LEAP-base,Hotspot10,10000,8,0,37482
LEAP-concat,Hotspot10,10000,8,0,34659
LEAP-interleave,Hotspot10,10000,8,0,36695
LEAP-base,Hotspot10,10000,8,1,36913
LEAP-concat,Hotspot10,10000,8,1,35433
LEAP-interleave,Hotspot10,10000,8,1,36254
LEAP-base,Hotspot10,10000,8,2,36910
LEAP-concat,Hotspot10,10000,8,2,35960
LEAP-interleave,Hotspot10,10000,8,2,36923
LEAP-base,Hotspot10,10000,16,0,55466
LEAP-concat,Hotspot10,10000,16,0,55619
LEAP-interleave,Hotspot10,10000,16,0,59410
LEAP-base,Hotspot10,10000,16,1,56906
LEAP-concat,Hotspot10,10000,16,1,55675
LEAP-interleave,Hotspot10,10000,16,1,57393
LEAP-base,Hotspot10,10000,16,2,56420
LEAP-concat,Hotspot10,10000,16,2,55426
LEAP-interleave,Hotspot10,10000,16,2,59793
Serial,Hotspot30,2,1,0,4994
Serial,Hotspot30,2,1,1,4994
Serial,Hotspot30,2,1,2,4993
LEAP-base,Hotspot30,2,4,0,9436
LEAP-concat,Hotspot30,2,4,0,9354
LEAP-interleave,Hotspot30,2,4,0,9431
LEAP-base,Hotspot30,2,4,1,9437
LEAP-concat,Hotspot30,2,4,1,9385
LEAP-interleave,Hotspot30,2,4,1,9423
LEAP-base,Hotspot30,2,4,2,9424
LEAP-concat,Hotspot30,2,4,2,9372
LEAP-interleave,Hotspot30,2,4,2,9445
LEAP-base,Hotspot30,2,8,0,11816
LEAP-concat,Hotspot30,2,8,0,12310
LEAP-interleave,Hotspot30,2,8,0,11662
LEAP-base,Hotspot30,2,8,1,12655
LEAP-concat,Hotspot30,2,8,1,11923
LEAP-interleave,Hotspot30,2,8,1,11523
LEAP-base,Hotspot30,2,8,2,13052
LEAP-concat,Hotspot30,2,8,2,12602
LEAP-interleave,Hotspot30,2,8,2,12158
LEAP-base,Hotspot30,2,16,0,4850
LEAP-concat,Hotspot30,2,16,0,4792
LEAP-interleave,Hotspot30,2,16,0,4845
LEAP-base,Hotspot30,2,16,1,4793
LEAP-concat,Hotspot30,2,16,1,4841
LEAP-interleave,Hotspot30,2,16,1,4837
LEAP-base,Hotspot30,2,16,2,4829
LEAP-concat,Hotspot30,2,16,2,4856
LEAP-interleave,Hotspot30,2,16,2,4803
Serial,Hotspot30,10,1,0,4995
Serial,Hotspot30,10,1,1,4993
Serial,Hotspot30,10,1,2,4996
LEAP-base,Hotspot30,10,4,0,16390
LEAP-concat,Hotspot30,10,4,0,16973
LEAP-interleave,Hotspot30,10,4,0,17034
LEAP-base,Hotspot30,10,4,1,17429
LEAP-concat,Hotspot30,10,4,1,16710
LEAP-interleave,Hotspot30,10,4,1,16427
LEAP-base,Hotspot30,10,4,2,17097
LEAP-concat,Hotspot30,10,4,2,16890
LEAP-interleave,Hotspot30,10,4,2,16858
LEAP-base,Hotspot30,10,8,0,11452
LEAP-concat,Hotspot30,10,8,0,11416
LEAP-interleave,Hotspot30,10,8,0,11427
LEAP-base,Hotspot30,10,8,1,11528
LEAP-concat,Hotspot30,10,8,1,11305
LEAP-interleave,Hotspot30,10,8,1,11541
LEAP-base,Hotspot30,10,8,2,11302
LEAP-concat,Hotspot30,10,8,2,11337
LEAP-interleave,Hotspot30,10,8,2,11225
LEAP-base,Hotspot30,10,16,0,9582
LEAP-concat,Hotspot30,10,16,0,9482
LEAP-interleave,Hotspot30,10,16,0,9519
LEAP-base,Hotspot30,10,16,1,9595
LEAP-concat,Hotspot30,10,16,1,9569
LEAP-interleave,Hotspot30,10,16,1,9484
LEAP-base,Hotspot30,10,16,2,9584
LEAP-concat,Hotspot30,10,16,2,9372
LEAP-interleave,Hotspot30,10,16,2,9243
Serial,Hotspot30,100,1,0,4993
Serial,Hotspot30,100,1,1,4991
Serial,Hotspot30,100,1,2,4991
LEAP-base,Hotspot30,100,4,0,19034
LEAP-concat,Hotspot30,100,4,0,18907
LEAP-interleave,Hotspot30,100,4,0,18755
LEAP-base,Hotspot30,100,4,1,18753
LEAP-concat,Hotspot30,100,4,1,19066
LEAP-interleave,Hotspot30,100,4,1,18977
LEAP-base,Hotspot30,100,4,2,18998
LEAP-concat,Hotspot30,100,4,2,18798
LEAP-interleave,Hotspot30,100,4,2,19052
LEAP-base,Hotspot30,100,8,0,27571
LEAP-concat,Hotspot30,100,8,0,28932
LEAP-interleave,Hotspot30,100,8,0,30448
LEAP-base,Hotspot30,100,8,1,30382
LEAP-concat,Hotspot30,100,8,1,28365
LEAP-interleave,Hotspot30,100,8,1,28192
LEAP-base,Hotspot30,100,8,2,28535
LEAP-concat,Hotspot30,100,8,2,32012
LEAP-interleave,Hotspot30,100,8,2,28090
LEAP-base,Hotspot30,100,16,0,19997
LEAP-concat,Hotspot30,100,16,0,20199
LEAP-interleave,Hotspot30,100,16,0,19234
LEAP-base,Hotspot30,100,16,1,20389
LEAP-concat,Hotspot30,100,16,1,19703
LEAP-interleave,Hotspot30,100,16,1,19628
LEAP-base,Hotspot30,100,16,2,19557
LEAP-concat,Hotspot30,100,16,2,20734
LEAP-interleave,Hotspot30,100,16,2,19725
Serial,Hotspot30,1000,1,0,4998
Serial,Hotspot30,1000,1,1,4995
Serial,Hotspot30,1000,1,2,4994
LEAP-base,Hotspot30,1000,4,0,19060
LEAP-concat,Hotspot30,1000,4,0,17243
LEAP-interleave,Hotspot30,1000,4,0,18576
LEAP-base,Hotspot30,1000,4,1,19017
LEAP-concat,Hotspot30,1000,4,1,17567
LEAP-interleave,Hotspot30,1000,4,1,18565
LEAP-base,Hotspot30,1000,4,2,18993
LEAP-concat,Hotspot30,1000,4,2,17858
LEAP-interleave,Hotspot30,1000,4,2,18438
LEAP-base,Hotspot30,1000,8,0,33497
LEAP-concat,Hotspot30,1000,8,0,21127
LEAP-interleave,Hotspot30,1000,8,0,22916
LEAP-base,Hotspot30,1000,8,1,28923
LEAP-concat,Hotspot30,1000,8,1,21186
LEAP-interleave,Hotspot30,1000,8,1,22641
LEAP-base,Hotspot30,1000,8,2,29130
LEAP-concat,Hotspot30,1000,8,2,20979
LEAP-interleave,Hotspot30,1000,8,2,22442
LEAP-base,Hotspot30,1000,16,0,19219
LEAP-concat,Hotspot30,1000,16,0,22972
LEAP-interleave,Hotspot30,1000,16,0,25109
LEAP-base,Hotspot30,1000,16,1,18363
LEAP-concat,Hotspot30,1000,16,1,23143
LEAP-interleave,Hotspot30,1000,16,1,24831
LEAP-base,Hotspot30,1000,16,2,18763
LEAP-concat,Hotspot30,1000,16,2,22228
LEAP-interleave,Hotspot30,1000,16,2,23791
Serial,Hotspot30,10000,1,0,4992
Serial,Hotspot30,10000,1,1,4993
Serial,Hotspot30,10000,1,2,4994
LEAP-base,Hotspot30,10000,4,0,18970
LEAP-concat,Hotspot30,10000,4,0,18468
LEAP-interleave,Hotspot30,10000,4,0,19021
LEAP-base,Hotspot30,10000,4,1,18926
LEAP-concat,Hotspot30,10000,4,1,18915
LEAP-interleave,Hotspot30,10000,4,1,19051
LEAP-base,Hotspot30,10000,4,2,18966
LEAP-concat,Hotspot30,10000,4,2,18931
LEAP-interleave,Hotspot30,10000,4,2,19015
LEAP-base,Hotspot30,10000,8,0,30990
LEAP-concat,Hotspot30,10000,8,0,34981
LEAP-interleave,Hotspot30,10000,8,0,36189
LEAP-base,Hotspot30,10000,8,1,29154
LEAP-concat,Hotspot30,10000,8,1,35514
LEAP-interleave,Hotspot30,10000,8,1,35842
LEAP-base,Hotspot30,10000,8,2,30265
LEAP-concat,Hotspot30,10000,8,2,36232
LEAP-interleave,Hotspot30,10000,8,2,33819
LEAP-base,Hotspot30,10000,16,0,16173
LEAP-concat,Hotspot30,10000,16,0,43664
LEAP-interleave,Hotspot30,10000,16,0,44332
LEAP-base,Hotspot30,10000,16,1,15862
LEAP-concat,Hotspot30,10000,16,1,41594
LEAP-interleave,Hotspot30,10000,16,1,42281
LEAP-base,Hotspot30,10000,16,2,16825
LEAP-concat,Hotspot30,10000,16,2,45405
LEAP-interleave,Hotspot30,10000,16,2,47940
Serial,Hotspot50,2,1,0,4993
Serial,Hotspot50,2,1,1,4994
Serial,Hotspot50,2,1,2,4995
LEAP-base,Hotspot50,2,4,0,9482
LEAP-concat,Hotspot50,2,4,0,9325
LEAP-interleave,Hotspot50,2,4,0,9453
LEAP-base,Hotspot50,2,4,1,9430
LEAP-concat,Hotspot50,2,4,1,9394
LEAP-interleave,Hotspot50,2,4,1,9380
LEAP-base,Hotspot50,2,4,2,9445
LEAP-concat,Hotspot50,2,4,2,9498
LEAP-interleave,Hotspot50,2,4,2,9479
LEAP-base,Hotspot50,2,8,0,12134
LEAP-concat,Hotspot50,2,8,0,11510
LEAP-interleave,Hotspot50,2,8,0,12538
LEAP-base,Hotspot50,2,8,1,11869
LEAP-concat,Hotspot50,2,8,1,12044
LEAP-interleave,Hotspot50,2,8,1,11760
LEAP-base,Hotspot50,2,8,2,11389
LEAP-concat,Hotspot50,2,8,2,12125
LEAP-interleave,Hotspot50,2,8,2,11977
LEAP-base,Hotspot50,2,16,0,4818
LEAP-concat,Hotspot50,2,16,0,4807
LEAP-interleave,Hotspot50,2,16,0,4800
LEAP-base,Hotspot50,2,16,1,4781
LEAP-concat,Hotspot50,2,16,1,4819
LEAP-interleave,Hotspot50,2,16,1,4846
LEAP-base,Hotspot50,2,16,2,4802
LEAP-concat,Hotspot50,2,16,2,4793
LEAP-interleave,Hotspot50,2,16,2,4824
Serial,Hotspot50,10,1,0,4995
Serial,Hotspot50,10,1,1,4996
Serial,Hotspot50,10,1,2,4997
LEAP-base,Hotspot50,10,4,0,14733
LEAP-concat,Hotspot50,10,4,0,15591
LEAP-interleave,Hotspot50,10,4,0,15736
LEAP-base,Hotspot50,10,4,1,15637
LEAP-concat,Hotspot50,10,4,1,15450
LEAP-interleave,Hotspot50,10,4,1,15644
LEAP-base,Hotspot50,10,4,2,15845
LEAP-concat,Hotspot50,10,4,2,15603
LEAP-interleave,Hotspot50,10,4,2,15310
LEAP-base,Hotspot50,10,8,0,10429
LEAP-concat,Hotspot50,10,8,0,10635
LEAP-interleave,Hotspot50,10,8,0,10363
LEAP-base,Hotspot50,10,8,1,10564
LEAP-concat,Hotspot50,10,8,1,10330
LEAP-interleave,Hotspot50,10,8,1,10673
LEAP-base,Hotspot50,10,8,2,10740
LEAP-concat,Hotspot50,10,8,2,10418
LEAP-interleave,Hotspot50,10,8,2,10391
LEAP-base,Hotspot50,10,16,0,8329
LEAP-concat,Hotspot50,10,16,0,8340
LEAP-interleave,Hotspot50,10,16,0,8592
LEAP-base,Hotspot50,10,16,1,8494
LEAP-concat,Hotspot50,10,16,1,8476
LEAP-interleave,Hotspot50,10,16,1,8349
LEAP-base,Hotspot50,10,16,2,8475
LEAP-concat,Hotspot50,10,16,2,8456
LEAP-interleave,Hotspot50,10,16,2,8556
Serial,Hotspot50,100,1,0,4993
Serial,Hotspot50,100,1,1,4992
Serial,Hotspot50,100,1,2,4992
LEAP-base,Hotspot50,100,4,0,18614
LEAP-concat,Hotspot50,100,4,0,18334
LEAP-interleave,Hotspot50,100,4,0,18069
LEAP-base,Hotspot50,100,4,1,18376
LEAP-concat,Hotspot50,100,4,1,17919
LEAP-interleave,Hotspot50,100,4,1,17739
LEAP-base,Hotspot50,100,4,2,17983
LEAP-concat,Hotspot50,100,4,2,18265
LEAP-interleave,Hotspot50,100,4,2,18269
LEAP-base,Hotspot50,100,8,0,18549
LEAP-concat,Hotspot50,100,8,0,17884
LEAP-interleave,Hotspot50,100,8,0,17462
LEAP-base,Hotspot50,100,8,1,17180
LEAP-concat,Hotspot50,100,8,1,19334
LEAP-interleave,Hotspot50,100,8,1,19098
LEAP-base,Hotspot50,100,8,2,20346
LEAP-concat,Hotspot50,100,8,2,19458
LEAP-interleave,Hotspot50,100,8,2,20441
LEAP-base,Hotspot50,100,16,0,12462
LEAP-concat,Hotspot50,100,16,0,12125
LEAP-interleave,Hotspot50,100,16,0,12066
LEAP-base,Hotspot50,100,16,1,12329
LEAP-concat,Hotspot50,100,16,1,12335
LEAP-interleave,Hotspot50,100,16,1,12380
LEAP-base,Hotspot50,100,16,2,12489
LEAP-concat,Hotspot50,100,16,2,12768
LEAP-interleave,Hotspot50,100,16,2,12922
Serial,Hotspot50,1000,1,0,4996
Serial,Hotspot50,1000,1,1,4996
Serial,Hotspot50,1000,1,2,4995
LEAP-base,Hotspot50,1000,4,0,18193
LEAP-concat,Hotspot50,1000,4,0,14860
LEAP-interleave,Hotspot50,1000,4,0,15496
LEAP-base,Hotspot50,1000,4,1,18381
LEAP-concat,Hotspot50,1000,4,1,14977
LEAP-interleave,Hotspot50,1000,4,1,15222
LEAP-base,Hotspot50,1000,4,2,18099
LEAP-concat,Hotspot50,1000,4,2,15758
LEAP-interleave,Hotspot50,1000,4,2,15837
LEAP-base,Hotspot50,1000,8,0,20140
LEAP-concat,Hotspot50,1000,8,0,14722
LEAP-interleave,Hotspot50,1000,8,0,15230
LEAP-base,Hotspot50,1000,8,1,21118
LEAP-concat,Hotspot50,1000,8,1,14158
LEAP-interleave,Hotspot50,1000,8,1,15086
LEAP-base,Hotspot50,1000,8,2,20940
LEAP-concat,Hotspot50,1000,8,2,14688
LEAP-interleave,Hotspot50,1000,8,2,16137
LEAP-base,Hotspot50,1000,16,0,10898
LEAP-concat,Hotspot50,1000,16,0,14298
LEAP-interleave,Hotspot50,1000,16,0,14271
LEAP-base,Hotspot50,1000,16,1,10894
LEAP-concat,Hotspot50,1000,16,1,13728
LEAP-interleave,Hotspot50,1000,16,1,13896
LEAP-base,Hotspot50,1000,16,2,10888
LEAP-concat,Hotspot50,1000,16,2,14113
LEAP-interleave,Hotspot50,1000,16,2,14324
Serial,Hotspot50,10000,1,0,4995
Serial,Hotspot50,10000,1,1,4997
Serial,Hotspot50,10000,1,2,4996
LEAP-base,Hotspot50,10000,4,0,18098
LEAP-concat,Hotspot50,10000,4,0,18595
LEAP-interleave,Hotspot50,10000,4,0,19007
LEAP-base,Hotspot50,10000,4,1,18093
LEAP-concat,Hotspot50,10000,4,1,18893
LEAP-interleave,Hotspot50,10000,4,1,18923
LEAP-base,Hotspot50,10000,4,2,18196
LEAP-concat,Hotspot50,10000,4,2,18671
LEAP-interleave,Hotspot50,10000,4,2,19005
LEAP-base,Hotspot50,10000,8,0,19243
LEAP-concat,Hotspot50,10000,8,0,33435
LEAP-interleave,Hotspot50,10000,8,0,34244
LEAP-base,Hotspot50,10000,8,1,19283
LEAP-concat,Hotspot50,10000,8,1,32656
LEAP-interleave,Hotspot50,10000,8,1,35076
LEAP-base,Hotspot50,10000,8,2,20280
LEAP-concat,Hotspot50,10000,8,2,32321
LEAP-interleave,Hotspot50,10000,8,2,34327
LEAP-base,Hotspot50,10000,16,0,9607
LEAP-concat,Hotspot50,10000,16,0,30343
LEAP-interleave,Hotspot50,10000,16,0,31273
LEAP-base,Hotspot50,10000,16,1,9445
LEAP-concat,Hotspot50,10000,16,1,33807
LEAP-interleave,Hotspot50,10000,16,1,34755
LEAP-base,Hotspot50,10000,16,2,9766
LEAP-concat,Hotspot50,10000,16,2,32001
LEAP-interleave,Hotspot50,10000,16,2,31736
Serial,Hotspot70,2,1,0,4990
Serial,Hotspot70,2,1,1,4990
Serial,Hotspot70,2,1,2,4992
LEAP-base,Hotspot70,2,4,0,9480
LEAP-concat,Hotspot70,2,4,0,9435
LEAP-interleave,Hotspot70,2,4,0,9496
LEAP-base,Hotspot70,2,4,1,9414
LEAP-concat,Hotspot70,2,4,1,9535
LEAP-interleave,Hotspot70,2,4,1,9323
LEAP-base,Hotspot70,2,4,2,9410
LEAP-concat,Hotspot70,2,4,2,9473
LEAP-interleave,Hotspot70,2,4,2,9424
LEAP-base,Hotspot70,2,8,0,11568
LEAP-concat,Hotspot70,2,8,0,11357
LEAP-interleave,Hotspot70,2,8,0,11764
LEAP-base,Hotspot70,2,8,1,11860
LEAP-concat,Hotspot70,2,8,1,12088
LEAP-interleave,Hotspot70,2,8,1,12510
LEAP-base,Hotspot70,2,8,2,12389
LEAP-concat,Hotspot70,2,8,2,12145
LEAP-interleave,Hotspot70,2,8,2,12033
LEAP-base,Hotspot70,2,16,0,4842
LEAP-concat,Hotspot70,2,16,0,4772
LEAP-interleave,Hotspot70,2,16,0,4817
LEAP-base,Hotspot70,2,16,1,4792
LEAP-concat,Hotspot70,2,16,1,4813
LEAP-interleave,Hotspot70,2,16,1,4776
LEAP-base,Hotspot70,2,16,2,4826
LEAP-concat,Hotspot70,2,16,2,4754
LEAP-interleave,Hotspot70,2,16,2,4849
Serial,Hotspot70,10,1,0,4996
Serial,Hotspot70,10,1,1,4997
Serial,Hotspot70,10,1,2,4998
LEAP-base,Hotspot70,10,4,0,13646
LEAP-concat,Hotspot70,10,4,0,13792
LEAP-interleave,Hotspot70,10,4,0,13243
LEAP-base,Hotspot70,10,4,1,13429
LEAP-concat,Hotspot70,10,4,1,13892
LEAP-interleave,Hotspot70,10,4,1,13891
LEAP-base,Hotspot70,10,4,2,13722
LEAP-concat,Hotspot70,10,4,2,13423
LEAP-interleave,Hotspot70,10,4,2,13605
LEAP-base,Hotspot70,10,8,0,9796
LEAP-concat,Hotspot70,10,8,0,9812
LEAP-interleave,Hotspot70,10,8,0,9798
LEAP-base,Hotspot70,10,8,1,9873
LEAP-concat,Hotspot70,10,8,1,9908
LEAP-interleave,Hotspot70,10,8,1,9922
LEAP-base,Hotspot70,10,8,2,10085
LEAP-concat,Hotspot70,10,8,2,9659
LEAP-interleave,Hotspot70,10,8,2,9787
LEAP-base,Hotspot70,10,16,0,7390
LEAP-concat,Hotspot70,10,16,0,7320
LEAP-interleave,Hotspot70,10,16,0,7529
LEAP-base,Hotspot70,10,16,1,7514
LEAP-concat,Hotspot70,10,16,1,7392
LEAP-interleave,Hotspot70,10,16,1,7563
LEAP-base,Hotspot70,10,16,2,7513
LEAP-concat,Hotspot70,10,16,2,7482
LEAP-interleave,Hotspot70,10,16,2,7518
Serial,Hotspot70,100,1,0,4995
Serial,Hotspot70,100,1,1,4994
Serial,Hotspot70,100,1,2,4994
LEAP-base,Hotspot70,100,4,0,15425
LEAP-concat,Hotspot70,100,4,0,15142
LEAP-interleave,Hotspot70,100,4,0,15967
LEAP-base,Hotspot70,100,4,1,15769
LEAP-concat,Hotspot70,100,4,1,15922
LEAP-interleave,Hotspot70,100,4,1,16325
LEAP-base,Hotspot70,100,4,2,15561
LEAP-concat,Hotspot70,100,4,2,15718
LEAP-interleave,Hotspot70,100,4,2,15916
LEAP-base,Hotspot70,100,8,0,15996
LEAP-concat,Hotspot70,100,8,0,14978
LEAP-interleave,Hotspot70,100,8,0,14310
LEAP-base,Hotspot70,100,8,1,14826
LEAP-concat,Hotspot70,100,8,1,14351
LEAP-interleave,Hotspot70,100,8,1,14971
LEAP-base,Hotspot70,100,8,2,15415
LEAP-concat,Hotspot70,100,8,2,14331
LEAP-interleave,Hotspot70,100,8,2,14441
LEAP-base,Hotspot70,100,16,0,8862
LEAP-concat,Hotspot70,100,16,0,8831
LEAP-interleave,Hotspot70,100,16,0,8813
LEAP-base,Hotspot70,100,16,1,8798
LEAP-concat,Hotspot70,100,16,1,8924
LEAP-interleave,Hotspot70,100,16,1,8900
LEAP-base,Hotspot70,100,16,2,8769
LEAP-concat,Hotspot70,100,16,2,8756
LEAP-interleave,Hotspot70,100,16,2,8821
Serial,Hotspot70,1000,1,0,4991
Serial,Hotspot70,1000,1,1,4991
Serial,Hotspot70,1000,1,2,4992
LEAP-base,Hotspot70,1000,4,0,16129
LEAP-concat,Hotspot70,1000,4,0,12460
LEAP-interleave,Hotspot70,1000,4,0,14593
LEAP-base,Hotspot70,1000,4,1,15637
LEAP-concat,Hotspot70,1000,4,1,13458
LEAP-interleave,Hotspot70,1000,4,1,12806
LEAP-base,Hotspot70,1000,4,2,16100
LEAP-concat,Hotspot70,1000,4,2,12359
LEAP-interleave,Hotspot70,1000,4,2,13114
LEAP-base,Hotspot70,1000,8,0,15614
LEAP-concat,Hotspot70,1000,8,0,11508
LEAP-interleave,Hotspot70,1000,8,0,11529
LEAP-base,Hotspot70,1000,8,1,14880
LEAP-concat,Hotspot70,1000,8,1,11380
LEAP-interleave,Hotspot70,1000,8,1,11554
LEAP-base,Hotspot70,1000,8,2,16344
LEAP-concat,Hotspot70,1000,8,2,11306
LEAP-interleave,Hotspot70,1000,8,2,11512
LEAP-base,Hotspot70,1000,16,0,7690
LEAP-concat,Hotspot70,1000,16,0,9716
LEAP-interleave,Hotspot70,1000,16,0,9842
LEAP-base,Hotspot70,1000,16,1,7495
LEAP-concat,Hotspot70,1000,16,1,9767
LEAP-interleave,Hotspot70,1000,16,1,9872
LEAP-base,Hotspot70,1000,16,2,7532
LEAP-concat,Hotspot70,1000,16,2,9809
LEAP-interleave,Hotspot70,1000,16,2,9759
Serial,Hotspot70,10000,1,0,4995
Serial,Hotspot70,10000,1,1,4995
Serial,Hotspot70,10000,1,2,4996
LEAP-base,Hotspot70,10000,4,0,15806
LEAP-concat,Hotspot70,10000,4,0,18831
LEAP-interleave,Hotspot70,10000,4,0,18727
LEAP-base,Hotspot70,10000,4,1,15305
LEAP-concat,Hotspot70,10000,4,1,18870
LEAP-interleave,Hotspot70,10000,4,1,18808
LEAP-base,Hotspot70,10000,4,2,15741
LEAP-concat,Hotspot70,10000,4,2,18690
LEAP-interleave,Hotspot70,10000,4,2,18703
LEAP-base,Hotspot70,10000,8,0,15826
LEAP-concat,Hotspot70,10000,8,0,28274
LEAP-interleave,Hotspot70,10000,8,0,29671
LEAP-base,Hotspot70,10000,8,1,15189
LEAP-concat,Hotspot70,10000,8,1,29019
LEAP-interleave,Hotspot70,10000,8,1,29240
LEAP-base,Hotspot70,10000,8,2,15679
LEAP-concat,Hotspot70,10000,8,2,30203
LEAP-interleave,Hotspot70,10000,8,2,30857
LEAP-base,Hotspot70,10000,16,0,6976
LEAP-concat,Hotspot70,10000,16,0,24301
LEAP-interleave,Hotspot70,10000,16,0,23902
LEAP-base,Hotspot70,10000,16,1,6928
LEAP-concat,Hotspot70,10000,16,1,24509
LEAP-interleave,Hotspot70,10000,16,1,23548
LEAP-base,Hotspot70,10000,16,2,6933
LEAP-concat,Hotspot70,10000,16,2,23487
LEAP-interleave,Hotspot70,10000,16,2,22547
Serial,Hotspot90,2,1,0,4994
Serial,Hotspot90,2,1,1,4994
Serial,Hotspot90,2,1,2,4994
LEAP-base,Hotspot90,2,4,0,9494
LEAP-concat,Hotspot90,2,4,0,9348
LEAP-interleave,Hotspot90,2,4,0,9323
LEAP-base,Hotspot90,2,4,1,9453
LEAP-concat,Hotspot90,2,4,1,9403
LEAP-interleave,Hotspot90,2,4,1,9453
LEAP-base,Hotspot90,2,4,2,9411
LEAP-concat,Hotspot90,2,4,2,9484
LEAP-interleave,Hotspot90,2,4,2,9429
LEAP-base,Hotspot90,2,8,0,11620
LEAP-concat,Hotspot90,2,8,0,11980
LEAP-interleave,Hotspot90,2,8,0,11924
LEAP-base,Hotspot90,2,8,1,12218
LEAP-concat,Hotspot90,2,8,1,11869
LEAP-interleave,Hotspot90,2,8,1,11589
LEAP-base,Hotspot90,2,8,2,11929
LEAP-concat,Hotspot90,2,8,2,11403
LEAP-interleave,Hotspot90,2,8,2,11809
LEAP-base,Hotspot90,2,16,0,4793
LEAP-concat,Hotspot90,2,16,0,4813
LEAP-interleave,Hotspot90,2,16,0,4814
LEAP-base,Hotspot90,2,16,1,4836
LEAP-concat,Hotspot90,2,16,1,4823
LEAP-interleave,Hotspot90,2,16,1,4762
LEAP-base,Hotspot90,2,16,2,4832
LEAP-concat,Hotspot90,2,16,2,4807
LEAP-interleave,Hotspot90,2,16,2,4857
Serial,Hotspot90,10,1,0,4993
Serial,Hotspot90,10,1,1,4993
Serial,Hotspot90,10,1,2,4993
LEAP-base,Hotspot90,10,4,0,10524
LEAP-concat,Hotspot90,10,4,0,10281
LEAP-interleave,Hotspot90,10,4,0,11818
LEAP-base,Hotspot90,10,4,1,10912
LEAP-concat,Hotspot90,10,4,1,11116
LEAP-interleave,Hotspot90,10,4,1,9903
LEAP-base,Hotspot90,10,4,2,11053
LEAP-concat,Hotspot90,10,4,2,10677
LEAP-interleave,Hotspot90,10,4,2,10702
LEAP-base,Hotspot90,10,8,0,10482
LEAP-concat,Hotspot90,10,8,0,10350
LEAP-interleave,Hotspot90,10,8,0,10488
LEAP-base,Hotspot90,10,8,1,10175
LEAP-concat,Hotspot90,10,8,1,10123
LEAP-interleave,Hotspot90,10,8,1,10601
LEAP-base,Hotspot90,10,8,2,10163
LEAP-concat,Hotspot90,10,8,2,10399
LEAP-interleave,Hotspot90,10,8,2,10534
LEAP-base,Hotspot90,10,16,0,6412
LEAP-concat,Hotspot90,10,16,0,6406
LEAP-interleave,Hotspot90,10,16,0,6401
LEAP-base,Hotspot90,10,16,1,6650
LEAP-concat,Hotspot90,10,16,1,6492
LEAP-interleave,Hotspot90,10,16,1,6525
LEAP-base,Hotspot90,10,16,2,6669
LEAP-concat,Hotspot90,10,16,2,6345
LEAP-interleave,Hotspot90,10,16,2,6442
Serial,Hotspot90,100,1,0,4996
Serial,Hotspot90,100,1,1,4994
Serial,Hotspot90,100,1,2,4995
LEAP-base,Hotspot90,100,4,0,10742
LEAP-concat,Hotspot90,100,4,0,10334
LEAP-interleave,Hotspot90,100,4,0,10695
LEAP-base,Hotspot90,100,4,1,11002
LEAP-concat,Hotspot90,100,4,1,10931
LEAP-interleave,Hotspot90,100,4,1,11378
LEAP-base,Hotspot90,100,4,2,11081
LEAP-concat,Hotspot90,100,4,2,11065
LEAP-interleave,Hotspot90,100,4,2,11465
LEAP-base,Hotspot90,100,8,0,13256
LEAP-concat,Hotspot90,100,8,0,13486
LEAP-interleave,Hotspot90,100,8,0,13858
LEAP-base,Hotspot90,100,8,1,13237
LEAP-concat,Hotspot90,100,8,1,13107
LEAP-interleave,Hotspot90,100,8,1,13349
LEAP-base,Hotspot90,100,8,2,12917
LEAP-concat,Hotspot90,100,8,2,13843
LEAP-interleave,Hotspot90,100,8,2,13731
LEAP-base,Hotspot90,100,16,0,6584
LEAP-concat,Hotspot90,100,16,0,6261
LEAP-interleave,Hotspot90,100,16,0,6528
LEAP-base,Hotspot90,100,16,1,6380
LEAP-concat,Hotspot90,100,16,1,6238
LEAP-interleave,Hotspot90,100,16,1,6383
LEAP-base,Hotspot90,100,16,2,6500
LEAP-concat,Hotspot90,100,16,2,6489
LEAP-interleave,Hotspot90,100,16,2,6357
Serial,Hotspot90,1000,1,0,4994
Serial,Hotspot90,1000,1,1,4995
Serial,Hotspot90,1000,1,2,4995
LEAP-base,Hotspot90,1000,4,0,11250
LEAP-concat,Hotspot90,1000,4,0,10742
LEAP-interleave,Hotspot90,1000,4,0,10199
LEAP-base,Hotspot90,1000,4,1,11176
LEAP-concat,Hotspot90,1000,4,1,10422
LEAP-interleave,Hotspot90,1000,4,1,11312
LEAP-base,Hotspot90,1000,4,2,10743
LEAP-concat,Hotspot90,1000,4,2,10229
LEAP-interleave,Hotspot90,1000,4,2,9775
LEAP-base,Hotspot90,1000,8,0,12727
LEAP-concat,Hotspot90,1000,8,0,9163
LEAP-interleave,Hotspot90,1000,8,0,9455
LEAP-base,Hotspot90,1000,8,1,13447
LEAP-concat,Hotspot90,1000,8,1,9261
LEAP-interleave,Hotspot90,1000,8,1,9224
LEAP-base,Hotspot90,1000,8,2,13742
LEAP-concat,Hotspot90,1000,8,2,9116
LEAP-interleave,Hotspot90,1000,8,2,9106
LEAP-base,Hotspot90,1000,16,0,5502
LEAP-concat,Hotspot90,1000,16,0,7356
LEAP-interleave,Hotspot90,1000,16,0,7383
LEAP-base,Hotspot90,1000,16,1,5522
LEAP-concat,Hotspot90,1000,16,1,7237
LEAP-interleave,Hotspot90,1000,16,1,7290
LEAP-base,Hotspot90,1000,16,2,5496
LEAP-concat,Hotspot90,1000,16,2,7214
LEAP-interleave,Hotspot90,1000,16,2,7193
Serial,Hotspot90,10000,1,0,4994
Serial,Hotspot90,10000,1,1,4994
Serial,Hotspot90,10000,1,2,4994
LEAP-base,Hotspot90,10000,4,0,11509
LEAP-concat,Hotspot90,10000,4,0,18506
LEAP-interleave,Hotspot90,10000,4,0,18692
LEAP-base,Hotspot90,10000,4,1,11300
LEAP-concat,Hotspot90,10000,4,1,18607
LEAP-interleave,Hotspot90,10000,4,1,18752
LEAP-base,Hotspot90,10000,4,2,11307
LEAP-concat,Hotspot90,10000,4,2,18729
LEAP-interleave,Hotspot90,10000,4,2,18614
LEAP-base,Hotspot90,10000,8,0,13584
LEAP-concat,Hotspot90,10000,8,0,26529
LEAP-interleave,Hotspot90,10000,8,0,25631
LEAP-base,Hotspot90,10000,8,1,12781
LEAP-concat,Hotspot90,10000,8,1,24038
LEAP-interleave,Hotspot90,10000,8,1,23406
LEAP-base,Hotspot90,10000,8,2,13888
LEAP-concat,Hotspot90,10000,8,2,23813
LEAP-interleave,Hotspot90,10000,8,2,25241
LEAP-base,Hotspot90,10000,16,0,5525
LEAP-concat,Hotspot90,10000,16,0,19323
LEAP-interleave,Hotspot90,10000,16,0,19206
LEAP-base,Hotspot90,10000,16,1,5395
LEAP-concat,Hotspot90,10000,16,1,18475
LEAP-interleave,Hotspot90,10000,16,1,18374
LEAP-base,Hotspot90,10000,16,2,5468
LEAP-concat,Hotspot90,10000,16,2,18516
LEAP-interleave,Hotspot90,10000,16,2,18756
